text,label,notes
"Dish with Kish - no point in swapping back

After the Jersey swap with Joe Flam, I don’t think there’s any point in her taking it back. There is no way that it is still a fitted shirt. But it was worth the sacrifice of a shirt for that funny bit.",opinion,
"If you could pick a dish from the show that you could taste, what would it be?

I am dying to know how Cesar’s pickle dessert tasted. No idea how those flavors would work as a dessert but Tom’s reaction to it has me sold. That’s definitely my dish for this season but lots of others come to mind from past seasons as well. What are yours?",discussion,
"How Canada/Toronto could have been

So they’ve done 10 episodes in the Toronto studio, with brief glimpses at  different parts of the country, and are only just now going to Calgary.

So figuring 1/10 was Restaurant Wars. Here is how I would have done the first nine episodes of the season-

1. Toronto Neighbourhoods: divide teams up to do cuisine from across the city. Little India, Little Portugal, Scarborough, Chinatown, Eglinton West

2.Prince Edward County: Wine and dine in the chic country destination a few hours outside Toronto.

3. Hogtown challenge: old city nickname, Toronto killed a lot of pigs way back. Let’s do something with Pork. Maybe in the distillery district where there’s booze.

4. Night Markets: representing the GTA’s Asian community and Toronto’s love of lining up for stuff

5. Harbour Cruise: seafood small bites representing the east and west coast of Canada on a big boat as they tour the skyline at night on Lake Ontario

6. Gallery night: chefs cater an event at the Art Gallery Of Ontario, creating dishes based on the architecture of Toronto/canada  

Everyone travels to Montreal

7. Quebecois cuisine: it ain’t French, it ain’t English. It’s entirely Quebec.

8.  Old Port/Old Montreal: new takes on centuries of food. Folks in three categories. 1800s,1900s and Expo ‘67 (that really was an optimistic and futuristic mindset unto itself)  

9. Drum circle/hockey themed: toss up here because Montreal’s drum circles are fun and well known but I don’t know how you organize/film a food event around that. But also, you have to do hockey in Canada so. Doesn’t hurt the the old hockey arena in Montreal is now a grocery store (oddly enough as it is in Toronto)

Then boof- off to Calgary.

How’s all that sound? Canadians got any better ideas?",opinion,
"“Massimo… represents everything I’m cooking against” - Tristan

He disclaimed it, that it's going to come off harsh. But I feel like his intent that Italian/French cuisine gets all this spotlight but the African, Carribbean, food with soul, not precision, gets no love. 

Was cool to hear more of what motivates him. But with top dishes and wins recently, Massimo has been on a role. 

Curious if Tristan changes his game plan over the next few episodes. 

Now that Massimo has his stride, he always seems to be one under the person who cooked well but also with their heart. The ""narrative"" he said he lacked. Like Shuai's hot pot over his chicken dish. Or Cesar's popcorn grits. He seems to struggle to get the win, but I imagine we see him in the finale. 

Massimo has also been getting a tough edit lately. They keep making it seem like everyone hates him but I don't think that's the case. He's probably the one to beat since in a way, he's the most consistent. 

Would love to hear your perspectives!",opinion,
"I ate at Massimo’s Restaurant

As a local Montrealer I had the absolute privilege to eat at Massimo’s restaurant, Cabaret L’enfer, on Thursday night to celebrate my 1st wedding anniversary. And what a celebration it was! 

He offers a 6 course seasonal tasting menu with optional additional courses and wine pairing. We indulged and had all 8 courses and I did the wine pairing. In true Exec Chef fashion, Massimo was not there (I like to think he was watching the episode air haha) 

Let me start by saying this: it was expensive. BUT everything was absolutely phenomenal from the food to the wine, the service and the ambience. The wine list was unique and daring, and the sommelier came to describe each glass. They changed the cutlery for each course and each piece was whimsical and sophisticated. There were candles and punk rock posters everywhere. 

EVERYTHING (except the caviar) comes from Canada, and mostly from Quebec. We sat at the chef counter and were able to talk with the chefs about their inspiration behind each dish and watch them execute. They are influenced by whatever seasonal product their local suppliers have, and make everything in house, including things like sourdough bread, kombucha, and various cheeses. 

I forgot to take a picture of a couple dishes but pictured here is: the antipasti, scallops, gnocchetti, cod, and beef. 

Definitely this was one of the best dining experiences I’ve ever had. 10/10! 5 stars!!",discussion,
"Restaurant Wars Dream Team

I'm just curious, if you could pick any 4 chefs from any season of Top Chef (can mix and match seasons), who would your dream team be for Restaurant Wars? 

**Here's mine:**

First team picks:

Bryan Voltaggio and Joe Sasto on the line

Dougie (Boston season) expo

Joe Flamm front of house.

  
Second team picks:

Marjorie and Karen (season 13) on the line

Antonia as exec

Fabio front of house

  
**My husband's picks:** 

  
First team: 

Issac Toups and Sara Bradley on line

Nick (New Orleans) exec

Joe Sasto front of house

  
Second team:

Chris Scott and Leanne Wong on the line

Douggie (season 12) exec

Gregory front of house",discussion,
"Canada? More like soundstageada

I know this has come up but, is this the only season where we get basically only one challenge + restaurant wars where the chefs cook outside of a panel of just the judges (pizza challenge and restaurant wars)? And only two challenges where the chefs cook outside of a soundstage or set (pizza challenge and stunt challenge)? If the point is just to hang out in the top chef kitchen, why bother going to another country?",analysis,
"Is that…a glitter suit?

Is Tom wearing a glitter suit tonight?? I was so focused on the food that I only caught one confusing glimpse and then no one would let me rewind to check and now it’s commercials. This is why I like sneaking episodes by myself, rewind to my heart’s content. Show me Tom!!!",discussion,
"Sweet Cheeks Q

Took my youngest and my nephew to Tiffani Faison’s bbq spot in Boston. 

The food was excellent. Her broccoli salad is amazing. The brisket and ribs were good. The cheddar jalepeno links are awesome! Collards are also awesome. 

Definitely recommend her spot.",discussion,
"This season makes me think Canada is void of interesting food.

So every season of watch thus far wherever they go they end up really focusing on the food that's from there. I learned about the different foods in Texas, Seattle, Chicago, Wisconsin, etc. I was excited when they said Canada I figured I would learn about where everything in Canada is and what their food specialties are and what makes Canada so unique within their foods.

But the episodes the season seem lackluster in that. Pizza? A convenience store? Make whatever but make it a stunt? I mean sure they did the poutine thing, but isn't there so much more in Canada? It just makes me feel sad that Canada's culinary star won't shine as bright and I'm not excited to go there to get food. 

I know I've read another places and other posts that other people feel the same but I couldn't find the post for that was. So I figured I'd one here, anyone else feel the same or can anyone change my mind?",opinion,
"Canada Fantasy Points so far + the S22 leader vs. the Top Chef Greats (Ep 10)

Being in the bottom twice this week only slightly reduced Tristen's lead over the other contestants.  Massimo passed Katiana for second place and Shuai jumped from 7th place to 3rd.

Tristen is still outperforming all of the other Top Chef Greats on chart 2, as of episode 10, as this week was his first negative points.  He has more points now than Kristen and Gregory had at the end of their seasons.",analysis,
"New York City Top Chef Restaurants that are ""Kid Friendly""

When my wife and I travel, we like to eat at as many Top Chef restuarants as we can. Whether it's places helmed by contestants, judges, or other people in the orbit. So far we're up to about 40, most recently Eric Adjepong's Elmina for our anniversary a few weeks ago. (It's incredible, if you're in DC I highly recommend it!!)

In June we're going to NYC for the first time in several years, and the first time with our daughter. She's 1, and generally is a good restaurant goer. So I'm wondering if you all have any recs for Top Chef restaurants that are, if not officially geared towards families, at least wouldn't bat an eye if we were to ask for a high chair. So like, not Buddha's tasting menu place associated with Marky's Caviar haha. 

For the sake of this post, let's assume ""get a babysitter"" is not a valid answer haha. Thanks in advance!",discussion,
"Season 22, ep. 10: From Dep til Dawn

Comedian Punkie Johnson tests the chefs' creativity when they're asked to create a dish using only items found in a Canadian convenience store; the chefs pay homage to the four seasons using only produce from Montreal's rooftop gardens.",discussion,
"Dish With Kish: appreciation post

Can I just say, watching Dish With Kish, it's become my favourite cooking show of all time. 

I don't think it would hit as hard if you didn't watch TopChef, but Kristin and the production team have made such an amazing show. They bring back all the winners and audience favourites (and the friends of Kristin) for an incredible cooking show.
It's honestly my favourite cooking show now. 

Kristin just brings so much fun and levity. All the 'behind the scenes' shots add even more enjoyment. 

If you haven't watched Dish With Kish, look it up. 

Great work.",opinion,
"Restaurant Wars and Kokosun

*Kokoson, my apologies!

do yall have any highlighted restaurants in mind you’d want to visit from restaurant wars?

i’m rewatching season 18 and i had forgotten they did a chef’s table experience. it’s so inspiring to see such a beautiful, incredible performance of culinary art by the kokoson crew. they were humble and real and that translated heavily. the table walked away intrigued and very satisfied. the hotpot was inspired, cool, looked delicious, and i wish i could taste all of that food!

it’d be one of my top restaurants to visit for restaurant wars for sure. what would be yours?",discussion,
"Stunts

I think most of us can agree that no one really created a dish that utilized a “stunt”. So, if you were doing the Elimination Challenge, what would your dish and stunt be?

I thought of making a dish where herbs or some other flavoring were frozen and then added at the table, melting and disbursing into the overall dish 

In the same vein, creating a dome over the dish made of frozen stock, and pouring a hot sauce of some kind over to melt it. Then incorporated",discussion,
"The constant, blatant sponsorships are diluting the value of the show

This past episode felt like a commercial from A-Z. I work in marketing, I totally understand that Bravo needs the partnership dollars in order to sustain the network, but it’s getting to be overkill. Mission Impossible — fine, cute theme that ties in well with a fun challenge (that I thought the chefs flopped with given the potential for creative shock factor). But the snoozefest of the CN Tower “challenge”? The cuts to the Wells Fargo cards? The scripted contestant callouts of BMW? Having an ~official water~ of a tv show..? Lots of it feels like a stretch and I’m losing the upscale quality I used to love about the show.",analysis,"boundary: lists specific sponsors and cites marketing expertise, could be analysis"
"Recipe for Chicken Kama Sutra

Yeah, like the book.

This is my version. I didn't include Vinny's hollandaise since the judges thought it was weird, and I heard that lovely guy from the OG Indian restaurant say there was saffron in it, but saffron is so expensive so I missed it out. Otherwise, I heard fenugreek, cashews, tomatoes and from that I made a dish that tastes pretty damn good.",discussion,
"Coffee and Seafood WORKS

Just watched an episode of Wildcard Kitchen on Food Network with Eric Adjepong. The cards determined that the dish needed to include seafood and coffee, immediately made me think of Cesar and his claim that he has seen the combination work. 

This episode did show 2 things:

1. With proper understanding of the ingredient coffee and seafood does work, as shown by both Antonia and Rocco DiSpirito. 
2. Risotto in 29 minutes CAN be done perfectly as shown by Rocco.",analysis,
"My Pet Peeve Watching Top Chef

I get so frustrated when after somebody is eliminated other people will then say now we're getting down to the best chefs. I almost take offense to that because everybody can have a bad day and just because somebody got eliminated for their dish being not the best does not make the remaining chefs the best chefs. I don't know why but that really grates on my nerves LOL",opinion,
"Any ideas for food that ""transforms""?

The latest episode suggested that the food have a ""stunt"" involved. I suddenly had this image of a large bowl and various pitchers, where pouring each pitcher's contents into the bowl would provoke some chemical reaction that eventually produced a complete dish.

My first thought was putting in a cotton-candy-fied sugar into the bowl and then dissolving it with a warm liquid, but then I pictured pouring in something that froze or solidified the liquid...

I kinda like the idea of a step-by-step process of separate ingredients that ends up being cake or mousse or whatever, with the customer just having to stir them in. Is there anything like that in molecular gastronomy or regular old cooking, or is this just Willy Wonka silliness?",discussion,
"Tom

Do you think Tom will ever get replaced and by who?",discussion,
"Which would you Watch?

If you were a newebie to Top Chef and could pick a season to watch what would it be?

I ask because I'm a newbie to Top Chef.  I've watched the ones that are on Netflix (Texas, Boston, Seattle).  I'm going to have to rent to watch more, so if you could choose what would it be?  Thanks you!",discussion,
"Air time algorithm

Has anyone else noticed that whoever gets the most airtime on the episode is usually the one that gets eliminated. 

Especially early on in the season. Later on it’s harder because they all get a lot of airtime.",opinion,
"Contestants

I don't travel so know nothing of these contestants when they are introduced.  I HATE that I immediately form opinions when I hear who they've worked for.   I'm trying to clear bad memories from past contestants that are now mentoring these contestants. 

I freely admit I struggle with this.",opinion,
"Season 5 Judges

I really thought Ted Allen was a snarky dick in previous seasons so I was kinda glad to not see him in season 5. I was so surprised by this too because I LOVE him on chopped and enjoy seeing him on BBF. This Toby guy on season 5 is so much worse. If it weren’t for Carla Hall and Leah Cohen I’d skip the rest of the season. I mean I can be an ass too but this guy is rude, nasty and mean spirited just for the sake of being nasty. I’m at the restaurant wars episode. Hopefully it gets better.",opinion,
"Differences in International Versions of Top Chef

What are some differences you've noticed between the U.S. version of Top Chef and international ones?

I just finished watching the most recent (aired 2023) season of Top Chef Thailand. Some differences that stood out to me: 

*every episode is 2 hours long

*despite not having Last Chance Kitchen, an entire episode was dedicated to a three stage competition in which the eliminated chefs were brought back and the winning chef returned to the show

*quickfire challenges are seldom 30 minutes long, and when they are, that is an aspect of the difficulty for that specific challenge

*chefs are NOT allowed to bring a selection of their own ""special"" ingredients (in fact, during this season someone was disqualified for doing so)

*contestants generally seemed a little more open to doing desserts for challenges, although many would still say things like ""I'm not a pastry chef, but..."" during those challenges

*compared to the American version, judges are slightly less open-minded (for ex. they voice their lack confidence in chefs during kitchen walk-throughs and ask them things like ""are you SURE you can pull that off?!"") and their opinions are treated more like the source of right and wrong HOWEVER, compared to other Thai cooking shows, Top Chef Thailand is miles better in terms of how the judges behave, as many of those other shows seem to exist just to feed the judges' egos and showcase their screaming abilities

*chefs are given less time to plan for elimination challenges. A majority of elimination challenges took place in the Top Chef kitchen, so after being told the rules for the challenge, the chefs were set loose to cook immediately

*the whole season took place in Bangkok, so the destination for the finale did not change at all",analysis,
"Top Chef Observations

Hey all! What observations about Top Chef over the season have you noticed? I have found that Padma was more critical and made the chefs more competitive with one another, where Kristin is more joyful and not so cutthroat. Padma seemed personally insulted when a dish wasn't to her liking, where Kristen is more focused on what went wrong from a technical perspective. I feel like Kristin brings a more professional vibe to the show, even though she is younger and has a more carefree joyful disposition. Padma took things really really seriously, and would put the chefs down to their faces in this kind of toxic way at times. It's not surprising that some of the earlier seasons were more catty and lots of eye rollling and judgements at what other chefs said/did/make.

That said, it was likely the environment/culture of the culinary world at that time-- fake it to you make it, and psyche out the competition with passive aggressive non-verbals and digs. 

I was watching season 13, with Grayson and Phipp (the villian! EEKS!) and they were just fine-- they had heart and tried their best. But the judges comments about them, to their face and behind their backs, was really catty and bitchy. Padma came hard for Grayson since the first episode, telling her her dish didn't taste any different from an average pizzeria which was pretty mean since she just worked her ass off to make 400 meatballs. She didn't try to make subpar meatballs all day and night. 

Philip also was not very refined, and they really hated him for that. He seemed rather fun and lighthearted. Yes, he bragged about being from LA, but he was young and his age group would find that impressive. He was naive and needed a mentor and support, instead, everyone made fun of him.",opinion,
"Why no judges table in the edit??

I feel like this season is egregiously editing down the debates at the judges table, to the point where some episodes we don't get to see any of it at all. I'm so pissed! That's some of the best content of the show. I love learning the criteria they're using to compare the dishes. And I honestly can't tell what they're replacing it with that could possibly add more value? 

Has anyone else noticed this? Thoughts? Do you mind it or are you like, whatever",opinion,
"Shout to Greg Tarzan Davis for being the rare celebrity judge

who actually had something interesting to say about the food he was eating.",opinion,
"Canada Fantasy Points so far + the S22 leader vs. the Top Chef Greats

>!Tristen !<remains miles ahead of the rest of the competitors in fantasy points.  >!Katiana!< is in second, despite >!being eliminated in Last Chance Kitchen!<, followed by >!Massimo!< who jumped up four positions this week.   But, clearly this is a season of >!Tristen vs. himself!<.

  
>!Tristen!< also remains in the lead for most fantasy points at week 9 against our Top Chef Greats - Buddha, Gregory, Melissa, Paul, & Kristen.  With many episodes to go, he has more points than Gregory or Kristen ever got in single season.",analysis,
"Massimo's restaurant

I just wanted to say: I ate at Massimo's restaurant, Cabaret L'enfer, in Montreal last year and it was one of the best meals I've had in my entire life. And that's saying something because Montreal is full of amazing restaurants. Also, Massimo actually spent quite a bit of time talking to us (he's exactly as he is on the show) and mentioned something about how he liked watching Top Chef, so it was pretty cool seeing him on the show this season. I was kinda surprised when he wasn't doing so well at the start of the season, given how good my experience at his restaurant was, but I'm glad to see that his skills are now coming through. Really can't recommend the restaurant enough. 5 stars!",discussion,
"New episode not on peacock?

I noticed episode 9 of the new season is not up on peacock after airing yesterday. Anyone know when we should expect the episodes to be available after airing?",discussion,
"Does Top Chef: Canada just feel like Top Chef Canada?

I think maybe it’s just if you’re from here it feels too familiar and less special, and if you’ve watched Top Chef Canada it seems they stay in the same places, same B-Roll etc. and wonder if this was a Padme season if that would have made it feel special. Anyone else?",opinion,
"Season 22, ep 9: Cooking on the Edge

Kristen is joined by Tom, Gail and chef and professor Ilona Daniel as the chefs are tasked with flexing their culinary mussels; the chefs face their fears in this stunt-driven Elimination Challenge. (Note: Is ""mussels"" a typo or are they cooking with them&gt;? We'll soon find out! :)",discussion,
"I prefer Kirsten to Padma

I know this is crazy but she just gives it such a warm vibe and is way more sympathetic to the contestants she's been there",opinion,
"I liked when contestants advocated

Rewatching season 8 all stars. Im loving that they argued back in the earlier seasons. Like advocating for their dishes and themselves. Idk maybe i forgot they did that.",opinion,
"Yes, Chef?

Anybody else watching this? I didn’t love the first episode but wanted to give it a second try and it’s just really unpleasant. The chefs are all acting over the top unlike able and the elimination structure doesn’t make any sense 

I feel like Top Chef is the only cooking show worth watching these days",opinion,
"Close encounter with a Top Chef

Had a bit of a thrill today and had to share somewhere that others might get it! I’m in Australia for vacation (from the US) - Port Douglas specifically. I was hungry and went into town for dinner. The Mexican restaurant I wanted was packed so I ended up at a Chinese place called Jade Inn. The guy who sat me had a very distinctive and familiar voice but I couldn’t place it. The meal was fabulous and when I went to pay, I noticed that there were 2 framed Top Chef coats at the entrance with some pictures of Buddha Lo! I asked what his connection was to the restaurant and it turns out it was his dad’s place! He grew up in this restaurant and the guy that sat me is his brother! They sound SO similar. I told the brother that Buddha was one of my all time faves and I respected his talent so much, and the brother went on for some time about how much hard work really has gone on behind the scenes to get him where he is. It was very wholesome and sweet and I walked out with a big smile. Just wanted to share this very random story ☺️",discussion,
"This season should be renamed Top Chef: Toronto

Seriously, it would be nice to see different regions of Canada featured. Atlantic Canada, the Prairies and Western Canada all have great regional cuisines. I just feel like I’m watching another season of Top Chef Canada.",opinion,
"Kirsten Kish!

In 2013, I was walking home in the South End, Boston and I saw Kirsten walking to work. I started freaking out started screaming ""OMG, OMG"" and she laughed. I told her she was my favorite to win. I asked for a pic and she obliged. That night, I watched Top Chef and it was restaurant wars and she was sent home. She then went on and won the whole thing!",discussion,
"Season 2 is a Fever Dream

I'm rewatching older seasons and other than this one naturally feeling out of date and less refined, it also feels really icky. I'm in the middle of episode 9 where they do the Seven Deadly Sins dinner, and Marcel feeds the lady from the Sopranos cherries and liquid chocolate. Also everyone hates Marcel. In the last episode, Mia quits instead of letting Elia get voted off. I also believe this is the season with the head shaving incident. What a weird season!",opinion,
"Zubair in NYT

He and his restaurant are featured. He’s a small part of the article but thought it was cool to see. 

https://www.nytimes.com/2025/05/02/dining/mexican-indian-food-fusion.html?unlocked_article_code=1.FE8.fpNF.b5R6Nddomrx1&smid=nytcore-ios-share&referringSource=articleShare&sgrp=p",discussion,
"Question about former TC contestant.

Just curious, does anyone know what happened to that guy that was on last season and was voted off first? He had like a cowboy hat and made a total mess of his station? To hear Tom talk, something happened behind the scenes because he wasnt invited to Last Chance Kitchen.",discussion,
"Not directly related to top chef, but has anyone watched the new show “yes, chef”? Katsuji’s attitude is worse than I remember 🫣

I know he’s always been cringey, but I forgot how bad it was, or it has worsened with age.

Anyway, had to watch the show just to see what it was like, and it’s more about the drama than the actual food. It’s more of a social experiment than a cooking show. The entire premise of the show is chefs with personality issues having to work together. I like Jose Andres as a chef and a philanthropist, and his dialogue feels natural. But Martha Stewart is just not my fave.

What did you think??",opinion,
"Tristen's Pizza with Anchovy Ranch

This season is such a treat - week after week I have a list of recipes I want to create. I've just posted the lamb-kebab-pizza and anchovy ranch and today I'll also add Cesar's dill ice cream and pickle gastrique. 

My recipes are free to everyone - my passion. If anyone has a request, just let me know. Reverse engineering is my thing.",discussion,
"Kentucky Derby

Went to the KY Derby over the weekend for the first time and Gail makes an appearance!",discussion,
"Worst TC mistakes that didn't send someone home?

I'm rewatching Season 13 right now and just finished Restaurant Wars. Somehow I had forgotten that it was Jeremy who made risotto with WATER. This seems so far beyond other mistakes, even other risotto mistakes, that I really can't believe he won he season. Like, have you never even eaten risotto before?

Phillip is my least favorite contestant of all time so I'm not sad to see him go, but I can't understand how anyone can take him seriously after he makes basically just bad rice. Is there anyone else in Top Chef history who won or even made it to finals after such an obvious error? I've seen so many posts frustrated with Dawn for leaving components off her plate, but this seems SO MUCH more basic and stupid than that. I was never super jazzed about Jeremy as a winner, but this fresh rewatch has my blood boiling.",analysis,
"Why doesn’t Fabio come back as a guest judge?

Currently watching season 8 all star…again, and wondered why he doesn’t guest judged. Sorry if this has been asked before",discussion,
"Why doesn’t Fabio come back as a guest judge?

Currently watching season 8 all star…again, and wondered why he doesn’t guest judged. Sorry if this has been asked before",discussion,
"Vinny's Growth

It's been fun watching Vinny through this season. He started off SO strong. Then, he went down this deep NOMAD rabbit hole. His camaraderie with his peers gave space for growth and comfort, that hey, maybe I can be myself here. Slowly, we are watching him re-emerge. Finding his voice again, the way he had when he first started the competition. 

It's one of my favorite parts about the show. It truly is just a competition with yourself and your own creativity. 

Also, when he was bawling for Tristan in the Restaurant Wars episode, my heart melted. He wears his heart on his sleeve and his relationship with the other chefs is adorable. 

I'm excited to see how his finishes this season. I hope he continues to flourish and find out who he is, his point of view, and what he's capable of.",opinion,
"Dish w/ Kish recipe

I was hoping to get the ratios and ingredient list for the jerk glaze that they put on the cauliflower.  My husband is vegan and thought it looked amazing (minus the bacon 😂 - I’ll eat his)",discussion,
"This season 22 competitor is blowing Buddha out of the water in Top Chef fantasy points

I run a fantasy league for friends.  I've never seen someone run away with points like Tristen has this season.  He is twice as good as Buddha was in both of his seasons halfway through.",analysis,
"Dominance is boring. Unpopular opinion?

I’m listening to Pack Your Knives and they’re fawning over Tristan and how much they love watching a dominant chef and tuning in to see what Tristan will do next. 

I’m the opposite, I’ve found the past few seasons less compelling because the winner was so obvious by a few episodes in, that the talent level was so unequal.  I suppose it’s the difference between watching for the competition or watching for the food. I’m bored knowing Tristan will win almost every week and that he’ll probably win the finale. 

Felt this way last season with Danny, and same with Buddha before him. I miss going in to the finale without feeling as if the winner is inevitable. Maybe Katianna will make it back and make it interesting, but right now it’s just not that interesting.",opinion,
"Season 1 Episode 9 : This Cracked Me Up

Oh don't we all love Stephen? I'm a first time watcher of season one and was just loving and laughing at everything that had to do with Stephen so I was a bit sad to see him go because I just love strong minded characters that don't perceive anything to be wrong with themselves or their behavior.

Anyway I just couldn't help but laugh and feel kinda bad that on the VERY NEXT EPISODE after he's cut they bust out a Shafer Hillside Select ""very rare, and very expensive"" bottle of wine, OMG I would PAY to see Stephen's face in that moment. He probably would've creamed his jeans and maybe smiled for real for once haha.

So it's just so hilarious to me and ironic that he was cut just 1 episode prior for caring too much about wine. I see lots of criticism for this season but I've really been enjoying it and am glad to be watching this great series from the very beginning.",opinion,
"Season 22, ep 8: Restaurant Wars!

There is no Quickfire as the chefs take on the famed Restaurant Wars elimination challenge; the chefs are tasked to create two restaurants; Kristen, Tom and Gail are joined by Top Chef alum Nina Compton and Top Chef Canada judge Janet Zuccarini.",discussion,
"Product Placement Insanity

I'm sure that this has already been posted before, but the product placement this season has been absolutely wild. The overly done writing is killing me lol",opinion,
"DALIDA

Last Tuesday, I was fortunate enough to dine at Dalida with my mother (75) and my nephew (13) - the same pair that accompanied me to Fox & the Knife in Boston last year.  My nephew loves to cook and really enjoys getting to go to ""celebrity"" restaurants, watch chefs at work, and try new foods so I booked seats at the chef's counter which he was very excited about. The restaurant itself is lovely and everyone from the hostess, to our servers, to the chefs on the other side of the counter were welcoming, gracious, and entertaining!

 We had been there about 20 minutes and I noticed Chef Laura towards the back behind the counter talking to her husband and other staff - I nudged my nephew and we had a giddy fan moment. My mother, who does not watch Top Chef, said ""oh, yeah, she's been back and forth for awhile now"" and - being the big talker in our group - immediately informed our nearest server that my nephew and I were fans.  He went right to tell Chef Laura and she came directly over to greet us and chat with my nephew about his interest in cooking. She was absolutely lovely (and super tiny!); she talked to my nephew about how she got her start in kitchens at age 16 and invited him to come back sometime and learn how to make bread with her. My Mom snuch a picture of them (his face was glowing) but I won't post that since we didn't ask her if we could take a photo.

On to the food!  Oh my gosh, it was all so delicious. 

I was the only one who had a cocktail. I went with the ""P.S. I Love You"" - vanilla-infused mahia, clarified passionfruit, paradiso aperitif, r. chalepensis, lime, carbonated.  I didn't know what half of the ingredients were, but it was very tasty and they give you a long-handled spoon to get all the passionfruit pearls out! Bright, refreshing, not overly vanilla-y.

We shared 2 appetizers - first, ""Breaking Bread"", had a trio of dips, and olives & pickles, with fresh pita. The hummus and muhammara were tasty, but nothing different than at many other middle eastern restaurants. It was the smoked yogurt dip that really elevated the platter. I'm not a person who really enjoys yogurt, but I could have eaten a vat of this. It was thick and creamy, but not heavy, and the smoky taste was addictive. It was extra fun to eat with the excellent pita we'd just seen being rolled and baked right in front of us. I also enjoyed the pickled strawberries - that was a new taste for me.

Our second appetizer was ""Zeytinyagli Enginar"" - Aegean-style confit artichokes, feta, orange-dill dressing. This was my favorite dish we had all night - the artichokes were melt in your mouth delicious and I've never had anything like the orange-dill dressing before. It matched perfectly with the artichokes and shone in its own right without overpowering the main ingredient. My mother was still talking about this dish days later.

My nephew ordered the Arayes Burger - Kebab cooked in a pita, shatta emulsion, chives, guindilla peppers - for his dinner. It was so prettily presented, and he pretty much inhaled it. He said it was juicy, flavorsome, and entirely delicious. He wished he'd talked to Chef Laura \*after\* his burger so he could tell her how much he liked it.

My mother and I shared the saffron tahdig (Crispy Persian rice, barberries) and the kayseri manti (Butter-roasted lamb dumplings, garlic yogurt, Urfa-tomato sauce). THe rice was yummy - just the right amount of crispy and not too much saffron. The manti, well, I do not like lamb but I just had to try this dish after seeing Chef Laura make manti on Top Chef.  My mother also usually refuses to eat lamb. You can put us down as both liking the lamb in this dish! The dumplings were tiny, tender, and adorable, but it is the sauce that really knocks this dish out of the park. I've never had urfa-tomato sauce now, but I definitely want it again. Urfa's flavor description as smoky and spicy is spot on.

For dessert, I was determined to try the Maraş style ice cream - also after having seen it on Top Chef - so we ordered 3 flavors and shared. The honey flavor was nice and light, but not my favorite. The sour cherry was delicious - very strong sour flavor, but I like that. Everyone's favorite was the kaymak (a Turkish version of clotted cream, to simplify) and I particularly liked it mixed with the sour cherry.

Overall, definitely a 5\* dining experience - and my first time actually meeting a cheftestant! Thank you to Chef Laura and the whole team at Dalida for making this such a memorable and delicious night!",discussion,
"Dumb Twists this Season

We are just now starting to watch this season (we like to save them up to binge) and are just on episode 3. Has anyone else noticed dumb twists this season? Like episode two where one team ended up with pizza? Or episode 3 where some people had to incorporate muffins/biscuits, while other people had actual flavorful ingredients like grapefruit/licorice? Muffin is not a flavor!

We love Top Chef because it usually rises above the gimmicks of the Food Network. Hope we actually get to see the chefs cook as the season goes on.",opinion,
"Saw Brooke at LA Times Festival of Books

Brooke gave a cooking demo this past Saturday at the LA Times Festival of Books! It was a free event and it was great to see her in-person since I’ve been a fan since her first TC appearance. 

She was demoing a recipe from her new cookbook and I was so excited she signed a copy for me at the end of her demo! 

Brooke also took some questions from the crowd:

- she was asked what her favorite top chef dishes were 
- she named her surf & turf dish from her first TC season when they were on a cruise from Seattle to Alaska and the dish she made when they cooked for Chris Pratt & Anna Faris
- she was asked the “worst” dish she’s ever judged, and she said when she goes on chopped, she knows not to go extremely hungry because they have her eating some interesting combos 😂",discussion,
"Is it just me or does not having immunity for quickfires make it not as exciting?

Money is great! But as a viewer the immunity has less of an urgency and excitement when it is applied to the next elimination challenge and not the one in the same episode. Maybe it’s just me.",opinion,
"Just saw Season 8 Restaurant Wars - Did Dale pull the greatest move ever in RW history?

been working our way backwards and this is the last one we can see on Peacock

When Restaurant Wars hits and Dale picked Marcel as the opposing team captain, I just thought that had to be one of the most strategic and masterful moves in all of TC History.   It's like, right off the bat you toss a huge anchor thru the boat of the opposite team's hull and it just is destined to sink and go down in flames - I loved it",analysis,
"Rules question

Anyone know if the chefs can look up recipes, proportions,etc. during the competition? Like the pizza challenge, can they look up ingredients and measurements online or does it have to be in their head?",discussion,
"Anchovy ranch missed opportunity

it would’ve been a lot cooler if they just called it Ranchovy. Could’ve even shoved it into one of their dumb product placements like they always do.",opinion,
"E! Rerunning Old TC

The E channel is running old Top Chef and I’m watching S10 episode 16 (Finale part 1). It’s between Sheldon, Brooke W and Kristen Kish. They all look so different, it’s crazy.  There judges table is Padma, John Besh, Emeril Lagasse, and Martin Yan.  Tom is expediting dishes because they’re cooking in his restaurant. 

Wow what a different landscape we’re in now.",discussion,
"Joe Flamm on The Dish with Kish

Just me or did he seem like he wasn’t thrilled to be there? Also a little disappointed to see via the teleprompter how scripted it is.",opinion,
"Why are the top 3 always surprised

Every week at judges table, they line up the group, they name three chefs and Kristen says, ""chefs, the three of you are standing here because, you had our (dramatic pause) Favorite, dishes of the day."" And every week the chefs were surprised/relived. It always cracks me up. 

I don't think it can be a production edit because the top three are always told to join the rest and the bottom three are named. I'm sure the chefs are exhausted and in a washing machine of emotions so any good news is a relief.

Edit: I understand it's a TV product with a lot of producer input we don't see. I should have said I laugh every time they're surprised to be in the top.",opinion,
"Why USA Top Chef in Canada?

There is a top chef USA. 

There is a top chef Canada. 

Why is this seasons top chef USA in Canada? 

Make it make sense.",opinion,
"Color correction

What is going on with the color balance this season. Everything is extremely hot and over saturated so much so that the food is glowing.",opinion,
"Trans Atlantic Slave Trade

Has the Trans Atlantic slave trade been mentioned every season? And do the producers coach them to refer to it as that? Like I feel like that term is more common in academic settings and most people would just say slavery (at least in the US).

And I’m not upset that it’s mentioned or called its proper name - I was just watching the most recent episode and was like I think top chef might be the reality show that covers the topic the most without it being the subject.

Edit: y’all I’m literally calling them out for doing a good thing. And if all you can get out of that is that I found the term unusual (because it’s not how it’s referred to typically) then you need to do some self reflection. Noticing and highlighting that TC does a good job of incorporating the impact the slave trade has on American cuisine is not a bad thing. Wondering if production took the time to get people to use the more formal terminology/phrasing is not a bad thing. It’d actually be a good sign if they did because it would mean that they knew its importance and cared enough to think about how it was talked about on the show.",opinion,
"Multiple timers

I'm a long time viewer of the show and it's obvious that they stagger the serving times, but I dint remember actually seeing the muliple timers on screen before. I was always curious about what the actual delay was, looks like it was half an hour this episode",discussion,
"Seafood pizza?

I'm a bit confused by the discussion around Massimo's pizza. Firstly there's the old 'cheese &amp; seafood' debate at the judge's table and then grab of a Canadian gentleman saying he'd never have thought of putting seafood on a pizza.
Is seafood pizza really uncommon in North America? Where I'm from (Australia) it's extremely common with almost every pizzeria offering various prawn (shrimp) and calamari based options. Not to mention the popularity of Pizza ai Frutti di Mare in Italy. Personally if ever see octopus pizza on a menu, I'm ordering it.
I was actually wondering what was so ""challenging"" Massimo's dish when he was making it.",discussion,"boundary: framed as a question but provides cultural argument, could be opinion"
"Where do I know Lana from?

I’ve only watched a couple of episodes from the current season so far (please no spoilers if she’s been voted off already 😅). But as soon as Lana came on screen during the premiere, my husband and I said we both recognized her right away. We can’t remember where or why though. Has she been on another cooking show that other people remember??",discussion,
"Top Chef Pizza Bingo

https://preview.redd.it/wt30kx807vwe1.jpg?width=634&format=pjpg&auto=webp&s=f3fa7ecf3c0b76dad3b05ccde8f3d83d581d9ed7",discussion,
"TC restaurants in Portland?

I’m traveling to Portland OR in October for work. I won’t have many days free, other than Monday PM, but I was hoping to check out some Top Chef places while I’m there. Has anyone tried Gregory’s restaurant? Are there any other good TC spots out there you recommend checking out? I know I’m asking early but I know some places can be hard to get tables at.

Thanks in advance!",discussion,
"Season 22, ep 7: Last Chance Kitchen

Technically episode 8 since the mid season finale had 2 parts.",discussion,
"Season 22, ep 7: You Wanna Pizza Me?

For this week's Quickfire Challenge, the chefs must create a dish with an ingredient using only the toughest stains as their clues; in a high-stakes pizza party, the chefs must create pies that are outside of the box to impress the judges.

https://preview.redd.it/qha2svlz9vwe1.jpg?width=634&amp;format=pjpg&amp;auto=webp&amp;s=8ad1e00a0814c92ad58c77b87d12e8438e2a3e20",discussion,
"Top Chef’s Kristen Kish in Conversation with Stacy London: Accidentally on Purpose at 92NY in NYC today

She was just as wonderful as I imagined she would be after watching her on Top Chef and following her on social media for years. Her talk about her life journey and her book was emotional, raw, deeply honest, and filled with gratitude. I’m so thankful I got to experience all of it in person. I can’t wait to devour her book!",discussion,
"Kristen was on Today Show!

[https://www.today.com/video/chicken-paprikash-with-dill-rice-get-the-recipes-238067781606](https://www.today.com/video/chicken-paprikash-with-dill-rice-get-the-recipes-238067781606)

I tune in Today Show everyday, they do kitchen/food segment almost daily. I'm sure they are all excellent cook, but some are just not for TV. I don't know if Kristen was on the show before, but she was so natural, talked to both Carson and to the table equally, answered questions flawlessly, and looked amazing as always. Really enjoyed this segment. I've never heard of this dish but now I have to try it!",opinion,
"Rewatching season 9

I really don’t like this season’s contestants with a few exceptions.
But why is Sara the way she is?!? She is just so ughhh!!
I feel even worse for bev now (I know editing can play into the way people are portrayed)",opinion,
"Losing its fun factor

For some reason, I’m feeling disconnected with this season’s TC contestants…just can’t really root for any of them. I miss the old TC when the chefs were young and more inexperienced. Now everyone seems to be a “top chef” already in their own right.

I’ve been watching lots of the old seasons which is a lot more fresh and fun.",opinion,
"Recommend me a season to watch after season 17

Took a break from Top Chef due to life getting hectic. Looking to watch 1 or maybe 2 seasons after 17, so any recommendations for the best season after that would be appreciated. Thanks!",discussion,
"Too Sponsored Anymore

On this episode of Top Chef, we are going to go in our BMWs, have some Chipotle, drink some Saratoga Springs, before we get back into our BMWs, swing by Whole Foods, and put it all on our Wells Fargo credit cards.",opinion,
"Please pack your knives and go…to Last Chance Kitchen

I’m new here, so apologies if this has already been discussed. I searched the page and didn’t come up with anything. 

At the point in the season where the chef immediately goes to Last Chance Kitchen, I think the “please pack your knives and go” tagline followed by Tom saying “don’t go anywhere” is super awkward. Why can’t Kish just say “Please pack your knives and go to Last Chance Kitchen”?",opinion,
"Top Chef Season 1 - San Francisco

Finally got around to watching the Season where it all began and oh my, after all of it if I thought this was how the rest of the seasons would be I may have stopped watching!

**The positives**

* They set the **format**, and most of the challenges were pretty good tests of culinary skill
* Threw the cheftestants straight into the fire, oh my, working at **Hubert Keller**'s kitchen as a start? Damn, that's high pressure. Hubert pulled no punches either.
* That **Sex Shop challenge** was really memorable, LMAO! Go in to buy a sex toy, end up sampling various ""sexy"" hors d'oeuvours and canapes. What a night!
* The **Judges and guest judges** \- this was pretty good. No issues here, all gave good critiques.
* Some **Cheftestants** \- Aww Lee Ann, my favorite.

Followed by my litany of complaints.

**The Host**

* Oh Padma isn't the host!? I did not know this. When will Padma become the host?
* This other lady whose name I can't recall after the season ended (!!) says all the same things but she comes across as cold and wooden? She's not going to last long.

**The Cheftestants**

* They cast too many looks / drama people whose cooking skills aren't up to Top Chef standard. IDK if this is because the show is new?? And that's why the better chefs didn't try out?
* Candice - I understand the desire to cast someone young and good looking, but she doesn't have half the cooking skills needed to compete on a reality cooking competition? That's a waste of a slot. Her cooking the entire season felt unfinished, raw and lackluster.
* Stephen - Y'all cast him for the drama, amirite? Don't tell me even you didn't expect him to bring that pompous sommelier shit show to the competition ... yikes. Got to admit though, his plating is pretty.
* Tiffany - Felt a bit bad for her, her mouth was bigger than her cooking ability (which is actually one of the best of the batch) so that's saying a lot. Not surprised she ended up Villain of the Season. Seriously at that time I bet she didn't realize how bad the public reaction would be to some of the stuff she said and did.

After a mostly lackluster season, Harold who is admittedly the most technically proficient chef of the bunch, ended up winning, which wasn't even a surprise.

I wanted a real competition, and I felt that was lacking here because a lot of them while entertaining just weren't the caliber of chefs I had expected from watching later seasons of Top Chef. In fact a lot of them would even fail at winning Top Sous chef.",analysis,"boundary: structured review but evidence is personal recollection, could be opinion"
"Season 1 Finale First Watch

Just finished watching season one for the first time and I have clear take away: 

F\*ck Steven and Dave 

Wildly inappropriate behavior showing up drunk, drinking on the line and then being emotional and throwing Tiffany under the bus as hard as they could at the judges tables. Tiffany got the least convincing villain edit of any character I've seen on this show.",opinion,
"Chipotle sponsorship a little cringe?

Did anyone find the Chipotle quick fire a little cringe?",opinion,
"That Time I Made Gail Simmons homemade Banoffee Pie Ice Cream

I had the pleasure of making and sending some of my homemade ice cream to Gail Simmons back in 2018. My BANOFFEE PIE ice cream had a roasted banana base with swirls of homemade dulce de leche, candied graham crackers and homemade chocolate flakes. I’m in the midst of writing a homemade ice cream cookbook and will definitely be including this recipe! ❤️",discussion,
"Stephanie Cmar and the Dish with Kish

I love the companion shows that go along with Top Chef.  I was disappointed this season that Stephanie isn't on the Dish with Kish like she was last year.  I really enjoy the chemistry that she and Kristen had.  Anyone know the story behind that?",discussion,
"Future Top Chef Cities

I did a search and found only a three year old thread on this topic, but apologies if it's a frequent post.

What cities in the US do you think Top Chef will look at next? Watching Texas season with my son (who was 2 when it first aired) and we discussed what cities have they not hit with really good food scenes. We came up with a few:

1. Atlanta - Maybe they are holding out for a Coca-Cola sponsorship.

2. Philadelphia - With the Solomonov restaurants rasing the game for everyone, it's a hell of a food town.

3. Nashville - a city that has really come into its own over the run of top chef

4. New York - but only the outer boroughs

Where else, speak up for your own town or a favorite destination (I'm a Milwaukee native, so just got my season!).",discussion,
"Top Chef Portland

Rewatching Portland which was filmed during the pandemic so a lot of the eliminations are very different. Really enjoyed Restaurant Wars which they did as a Chef’s Table and the Drive in concept and would like to see those concepts again.",opinion,
"Visited Elmina last night!

Finally got to visit Elmina in DC last night and it was nothing short of incredible! I went with the hamachi crudo, wagyu short rib, jollof duck pot (my husband just about died from happiness at this one), and the malva pudding cake. You can tell just how much effort was put into curating the experience; from the ambiance to the service to the wine pairings, it was impeccable. 

The cherry on top was that Eric was there and stopped by our table to say hi! I was too shy to ask for a picture but gushed over how good his cooking was… you can tell he is just overjoyed at the reception. 10/10 experience, I have a feeling we’ll be going back sooner rather than later.",discussion,
"Wait a Second…

Did Kristin just do a Fast Foodies Quickfire?",opinion,
"Season 22, ep 6: Pickle Me This

The chefs create a dish with a limited amount of ingredients as part of the Quickfire Challenge; during the Elimination Challenge, the contestants create dishes featuring pickles.",discussion,
"Top Chef contestant restaurants! All hits no misses!

I love Top Chef as a show obviously, but one thing I also really appreciate is that all of the restaurants I've been to from Top Chef contestants have been INCREDIBLE. It's a fun way to do food tourism—when I go to a city I always look for TC restaurants and I haven't yet been disappointed. Every single place I've been to blew me away in its own way! And in some cases I got to meet the chef!

So far have tried:

New York:

* Pig and Khao (Leah Cohen S5) 
* Tatiana (Kwame Onwuachi S13)
* Time and Tide (Danny Garcia S21)

Chicago:

* Girl and the Goat (Stephanie Izard S4)
* Duck Duck Goat (Stephanie Izard S4)
* Monteverde (Sarah Grueneberg S9 / Bailey Sullivan S22)
* Virtue (Damarr Brown S19)

New Orleans:

* Compere Lapin (Nina Compton S11)

Colorado:

* Four by Brother Luck (Brother Luck S15, S16)

Michigan:

* Frita Batidos (Eve Aronoff S6)
* Marrow (Sarah Welch S19)

At the top of my list to try someday in the future would be Buddha's restaurant HUSO in New York, and of course Gregory's restaurant Kann in Portland!",opinion,
"how you ask chefs to cook Portuguese food and not let them buy salt cod??

just finished the recent episode and am so frustrated. Kat and Corwin were taught a bacalao dish at the place they staged. they planned a dish on that, and then they were sent to a whole foods that didn't sell salt cod. I'm sure the producers didn't think of it. it was a set up, really. 

top chef is good when you get to watch people do amazing food under difficult circumstances. it sucks when production sabotages certain contestants bc someone was bad at their job",analysis,
"Rewatching Top Chef Duels- should they bring this back?

Top Chef Duels randomly popped into my head the other day so I started a rewatch on Peacock. It’s entertaining but some of the final course requirements are so crazy wacky but the challenges that each contestant has to come up with are interesting (although the opponent wins a bunch of times). I like the thought behind who they pair up. If they brought this back, who would you like to see go head to head?

Also should add that Wolfgang Puck makes a number of very creepy comments, a few directed at Gail, and it’s just shocking that in 2014 we were all totally okay with this.",opinion,
"As a Torontonian…

I’m obviously loving this season! 

Im currently watching tonight’s episode, and I’m so happy to see the cuisines that are so big in Toronto represented on the show!

That said, I’m finding this ep so funny; some of the restaurants they sent the chefs to are either like the most high end [X-cuisine] restaurants in the city, or some are literally the first restaurant you’d find if you googled “Toronto [X-cuisine]”, but none of them are totally representative of the best diaspora cuisine you can find in Toronto. I’m pretty surprised at the spots they chose, to be honest

Also, making them shop at the Yorkville Whole Foods is WILD for this challenge lol",opinion,
"Blind judging

Does anyone know why they don’t do blind judging very often? Like I get not wanting to every time because it adds more drama. But I feel like the show would be better if at least 50% of the eliminations were judged blind. Even if they still did judges table after with the bottom three to see who goes home.",analysis,
"Robin in season 6 is seriously bullied

I’m rewatching s6, and I have to say, Robin was treated so so poorly by the male chefs. Eli and Mike Isabella are the frontrunner aholes this season, but even Mike Voltaggio acts like an absolute dickhead during restaurant wars. Have any of them apologized for their behaviour? 
Despite how awful they are to Robin, she still manages to somehow rise above their bullshit. She focuses on the positive and often mentions how much she is learning. It’s hard to watch a nice human being who clearly feels lucky to be there be treated in this way. The dudes on this season, minus Brian Voltaggio, are a bunch of aggro dicks.",analysis,
"Season 20

I just finished watching S20 for the first time and WOW , it's my new favorite season.
I loved every minute of it.

I already knew won but I didn't know anything else about it so I avoided any threads about it.

Random thoughts:

I liked everyone and at every elimination I didn't want anyone to go.

I grew to like German Tom allot.

I adored Gabri and have a new Top Chef crush along with Stefan and Stephanie.
I almost cried when he made it to Paris and I was so so happy for him. 
I have now seen some posts where people strongly believe he didn't belong in the finals.
But when he was good  he was REALLY good. Super creative. 
Not to mention charming and gorgeous!!

Buddha deserved the win hands down.  He pretty much dominated the latter part of the season. 

I was on the fence about Sarah her first season and I'm still on the fence.
I'd like to try her food to see what the fuss is about because her food never looks amazing to me.

Lastly, I don't know I've never been pregnant,  but should someone pumping breast- milk be drinking?

Anyway great season and I'm just starting 21.
It's gonna be hard to adjust without Padma..",opinion,
"Last Chance Kitchen and Dish with Kish--may not be on tonight

Per Bravo they are not on tonight. If that is incorrect, we can discuss them here.",discussion,
"Season 22, Ep. 5: “Line Cook for a Day”

A chef from ""Last Chance Kitchen"" joins the contest, which surprises the participants; during a double elimination challenge, the chefs must rely on their collaboration skills.",discussion,
"Carla Hall

The way it ended for her on her original season breaks my heart and I think about it all the time 💔💔💔",opinion,
"Non-chefs at judges' table?

Back in the day, non-chef\* guests (eg. celebrities) used to dine with the judges, but not be present at Judges' Table. Now, guests like Michael Cera are right there at Judges' Table in elimination challenges. 

Obviously the opinion of the regular judges, particularly Tom as head judge, will hold a lot of sway. But I'm still not sure I like this change, and I don't think I'd like it as a competitor.

I'm interested in what others think of this change

  
\*by this I mean people who are not food professionals. 'Food professionals' includes food writers and other non-chefs who have professional expertise and experience in the food world.",analysis,
"Season 22, Episode 4 - Outdoor dining at the castle

Where was Tom's hat??",opinion,
"Any other cooking competitions as good as Top Chef?

Just rewatched the whole show again. I need a fix of something as close as possible. I love it for the creativity in the cooking process and the smart challenges and the great judges. I’ve watched chefs table, and the GBBS. Those I love.  A series would be appreciated (I have a lot of time in my hands). Thank you all!!",discussion,
"Notable Cooking Styles

In the giant crossover that is Top Chef contestants take over all the cooking competitions, do you feel there are any competitors whose styles are so distinct even blind tastings are moot?

Or, is there any contestant who is simply held as such an accomplished chef, even judges are bias towards them or hold back critiques? 

And include any contestants who have left this mortal coil, we were lucky to enjoy them while we could. 

*Let’s face it I would fan kid them all say nothing and keep eating with a thumbs up.*",discussion,
"Top Chef Season 13 - Los Angeles

Back in California!

**E01 - Stop The Presses**

Tom claims this is the strongest group they've assembled (yet) so they have a lot to live up to. Nearly everyone is an Executive Chef/Owner, with multiple James Beard Nominees (Padma jokingly tells Tom to put down his hand, everyone already knows about him). Then they start with one of my favorites, the Mise En Place Race. 9 winners then cook off in teams of 3, each cooking for 10 minutes with no communication and the others being blindfolded. First impressions from Episode 1.

* **Frances** confesses the last time she was blindfolded was the first time she met her wife, laughing while at home I am internally screaming ""Tell me MORE!"" Already peg her to be one of the more entertaining chefs.
* **Isaac**'s Cajun cuisine is spot on. He worked for Emeril for 10 years saying after Katrina, Emeril moved his staff and wrote checks out of his personal account. This just makes me love Uncle Emeril more.
* **Grayson** is back for more, Padma was not impressed with her meatballs.
* Oh the other hand, **Amar**'s pork belly meatballs got rave reviews.
* **Philip**'s vegetable forward dish looked dainty, delicate, healthy and tasty. Emeril and Gail felt he epitomizes New California Cuisine, with his ""man bun, white teeth and puffed amaranth."" They're not wrong, that was hilarious.
* **Wesley** if Padma is concerned enough with the cleanliness of your spoon and station to mention it twice, you're not going to last long.
* **Jeremy**'s dish was simple, clean, technique driven, beautiful plating, delicious and had that unexpected citron vinegar. He won the first elimination and based on that critique alone he's going to go far.
* **Garret**'s burnt garlic and lack of consistency was mistake enough he went home first.

**E02 - Pop Up Pandemonium**

The teams of 4 end up opening 4 Pop Up restaurants around LA but they must serve the specific cuisine - Persian, Mexican, Korean and Vegetarian. The Persian pop ups food was the most authentic, in fact Marjorie's dessert got such rave reviews it is the first time this season I wanted to reach a spoon into the TV screen to taste it, OMG. The Mexican team was only saved by Kwame's dish. I thought Padma was unfair to say the Vegan team wasn't at a disadvantage (IMO it's harder to make Vegan food give you that ""full"" feeling). Renee ended up eliminated over a boring Beet dish.

**E03 - Spines and Vines**

At Santa Barbara the cheftestants received a box of Sea Urchin (not Spot Prawns?) so it's off to the Vineyards for a sudden death quickfire featuring Uni. Grayson won (good for her!), Giselle beat Angelina and saved herself.

There was a twist in the elimination challenge, instead of Surf &amp; Turf it's Surf vs. Turf! Of course there were a few disasters. Kwame just helping Wesley through his breakdown showed he's good people. I was pleased to see him win and get a cask of his own wine. Sadly, Frances messed up her Cod and was sent packing. Going to miss the entertainment factor, but truth be told her food was very one note (only Asian) and I don't think she has the technical chops or breadth to win.

**E04 - It's a Dry Heat**

The cheftestants are off to Palm Springs where Jose Andres judges a quickfire challenge with solar stoves and ovens! Wesley redeemed himself, he hinted at the winner getting a solar stove and Chef Jose thought it was a good idea so congratulations Wesley. The elimination challenge will be at a Golf Course, one of the things Palm Springs is famous for. I wasn't expecting the jokes.

* Jose Andres ""I hope they are cooking better than we are putting."" Charity + a sense of humor = win
* Blais ""This Dish is better than the beginning of my (golf) game"" Tom ""this might be the only green you hit all day."" Oh snap!
* Isaac on volunteering to do dessert ""I must be high or something, must be the desert getting to me.""
* Philip plated under his table cloth because of the wind. Padma called it ""The weirdest experience"" like she was talking to a ghost and Jose Andres ""Freakiest plating, this is a new concept.""

Yikes, they sent Grayson home because of the corn. At this stage I'm thinking Angelina is cursed and should have gone home instead.

**E05 - Big Gay Wedding**

The ""Date"" quickfire was judged by Chrissy Teigen, that caused Kwame to have a cute ""whooo"" fans face moment. Jason won, getting Immunity! And then Padma introduces the Teddy Bear Art Smith who will guest judge and be one of the 25 couples she's marrying (as the officiant) the Big Gay Wedding elimination challenge. At Judging Tom said some nice things about the importance of inclusivity. The theme (first look, SUV, happily ever after) was wonderful, most of the food was great (loved Isaac's Dirty Rice) and Art Smith's Rainbow Wedding Cake fit the theme to a T. Kwame wow (doing double duty as Saucier), Giselle was sent home after she claimed she was just Sous to Karen's chef, and Gayle asked what she even did if she was just the sous? Judges should not allow those to ""skate"" to get away without being eliminated (fair point.)

**E06 - Bananaise**

At the sudden death Fish Taco Quickfire, Angelina makes 2 rookie mistakes. Forgetting to plate her tacos (she left them on the cutting board) and then losing to Wesley. The elimination challenge is to pair a meal with a Top Chef flavored beer done by the judges. Karen got her first win with some solid cooking. In an epic moment Isaac makes Bananaise (with Siracha) #bananaise, ""Am I high or is this good?"" giving this episode its title. The bananaise wasn't the problem with his ""too many ideas this doesn't go together"" dish which saw him in the bottom 3, luckily avoiding elimination as Wesley was sent home.

**E07 - Back In The Day**

Oooh a Quickfire where each chef chooses 1 ingredient those 10 ingredients are all they can use led to a wide variety of dishes! Jeremy won (again) with another cold type dish that looked pretty. Since this is Top Chef's 10th anniversary, the elimination challenge is to cook a dish representing the them from 10 years ago. Was pleasantly surprised to see some big wigs and Top Chef alumni like Mei, Antonia Lofaso and Michael Voltaggio at the meal. Blais even made a joke about Antonia twitching when the time went off, that was funny. Jason's insecurities got the best of him, sending him home. Happy to see Marjorie get the win.

**E08 - Where's The Beef**

Food Porn using Junk Food Quickfire winner was picked by Instagram based on the picture alone so the winner wouldn't be revealed till later. The elimination challenge - in teams of 3, cater Beefsteak, a black tie bacchanal event where guests eat with their hands, Medieval times style! Phillip FINALLY wins with his lamb chop, seriously eating something with a bone is satisfying so he made a smart call. Was sad to see Chad go.

**E09 and E10 - Restaurant Wars (Part 1 and 2)**

For the first time ever they have to do a lunch AND dinner service! Double the Drama! Lunch service was more or less tied, but dinner was a whole different story that made the victorious team obvious. Glad to see Isaac finally take home a win, actually thought Marjorie was equally deserving since she also helped Karen do front of the house before Dinner Started. Amar really dropped the ball as Exec Chef but got lucky - after the high from last week, Phillip's 2 bad dishes sent him home.

**E11 - ""Hammer Time""**

Most entertaining Quickfire to date as cheftestants must make a dish embodying their chosen Rapper name and alter Ego. Carl got to rap for MC Hammer, Kwame was put on the spot and got needled into rapping by Padma, which he did okay at, so Padma kisses him on the cheek! Oh! Kwame may not have won the Quickfire, which went to Isaac's Toups Legit 2 Quit scallops and grits (100% would eat), BUT he got a kiss from a beautiful hostess that he has a bit of a celebrity crush on, so he's the real winner here.

The elimination challenge was interesting - cheftestants had to go to a library to research before creating dishes inspired by their chosen significant international culinary periods in history. Some had real difficulties navigating the library for materials, worse yet when they discover some of their preconceived notions about the cuisine of the period are historically inaccurate! That night at the famous Tiki Bar, Jeremy who used to have long hair and played in a band could not resist the drums, so they do a ""Top Chef Band"" with Isaac on the ""more Cowbell!"" LMAO, that was great. Unfortunately Karen's Japanese dish was too much Chinese with too many components, I was sad to see her go.

**E12 - Wok this way!**

Hey it's Martin Yan from Yan can cook guest judging the Wok Chop Suey challenge. I don't think the chefs realized just how hot a wok fire is, and how fast stuff cooks! Marjorie's victory let her strategically choose each of her competitor's sous chefs, and that girl REALLY chose strategically! The elimination challenge was to serve 150 portions of food for a Fast Casual restaurant concept. Carl's healthy concept was a hit with the audiences and the judges, so he won. Unfortunately Kwame's decision to purchase frozen waffles then cut them into tiny tiny pieces for serving didn't work. I can't believe he's been eliminated, he might be young but he is soooo talented, I hope he makes it back in Last Chance Kitchen.

**E13 - Back Where It All Started**

There's a Sudden Death Quickfire with Trendy Toast! Luckily nobody did avocado, Jeremy won with Chicken Liver mousse. Amar and Carl faced off cooking their best dish (no restriction). I can't believe Crudo Carl won, even ""another crudo?"" Padma said it tasted good. Sorry Amar. The elimination challenge had Hubert Keller re-opening Fleur De Lys for ""One night only"" before it closes for good, and the diners are a who's who in the culinary world. Intimidating for sure. Jeremy won with a dish so elegant and tasty, Hubert said he would ""probably put my menu."" All the other dishes has flaws but it was Carl decision to try make a foie gras torchon (that normally takes 3 days) in too short a time resulting in under cooked foie that sent him home.

**E14 - Magic Hour**

Vegas! Hey, Amar is back from Last Chance Kitchen, aww there goes my hopes of seeing Kwame again. It's a class warfare Quickfire with different pantries for Royalty, Clergy, merchants and peasants (ouch). The whole thing where each higher in the hierarchy can plunder from the pantry of those lower down was kind of irksome (because it happens IRL). Jeremy chooses a clever dish and won sending him to the finale while the other 3 have to compete in a double elimination.

Oh David Copperfield! Now they have to entertain while creating a dish with some kind of magic and entertain the crowd while doing so. Marjorie tried, she actually was personable while cooking. Isaac did a disappearing egg trick, neat! But it was Amar who put out the tastiest dish with zero entertainment value who won. I admit I'm a bit disappointed at the judges for not following the criteria of their challenge.

**E15 - Finale**

Amar vs. Jeremy, two of the chefs with arguably the widest technical cooking skillsets are duking it out. Both have big name mentors - Charlie Palmer and Jean George Vongerichten, who end up as one of their 3 sous chefs for the finale! Whoa! I didn't know Amar and Charlie had past beef, are they trying to make me go nuke some Popcorn for this?? Both meals had meat consistency flaws and looked delicious, worth of a finale. In the end Jeremy who has admittedly been solid the entire season, won over Amar's flavors. IMO both won, Amar is surely going to get more visitors to his restaurants now that we have certain expectations around the taste, quality and capability of his cooking / cuisine.",analysis,
"Top Chef Season 13 - Los Angeles

Back in California!

**E01 - Stop The Presses**

Tom claims this is the strongest group they've assembled (yet) so they have a lot to live up to. Nearly everyone is an Executive Chef/Owner, with multiple James Beard Nominees (Padma jokingly tells Tom to put down his hand, everyone already knows about him). Then they start with one of my favorites, the Mise En Place Race. 9 winners then cook off in teams of 3, each cooking for 10 minutes with no communication and the others being blindfolded. First impressions from Episode 1.

* **Frances** confesses the last time she was blindfolded was the first time she met her wife, laughing while at home I am internally screaming ""Tell me MORE!"" Already peg her to be one of the more entertaining chefs.
* **Isaac**'s Cajun cuisine is spot on. He worked for Emeril for 10 years saying after Katrina, Emeril moved his staff and wrote checks out of his personal account. This just makes me love Uncle Emeril more.
* **Grayson** is back for more, Padma was not impressed with her meatballs.
* Oh the other hand, **Amar**'s pork belly meatballs got rave reviews.
* **Philip**'s vegetable forward dish looked dainty, delicate, healthy and tasty. Emeril and Gail felt he epitomizes New California Cuisine, with his ""man bun, white teeth and puffed amaranth."" They're not wrong, that was hilarious.
* **Wesley** if Padma is concerned enough with the cleanliness of your spoon and station to mention it twice, you're not going to last long.
* **Jeremy**'s dish was simple, clean, technique driven, beautiful plating, delicious and had that unexpected citron vinegar. He won the first elimination and based on that critique alone he's going to go far.
* **Garret**'s burnt garlic and lack of consistency was mistake enough he went home first.

**E02 - Pop Up Pandemonium**

The teams of 4 end up opening 4 Pop Up restaurants around LA but they must serve the specific cuisine - Persian, Mexican, Korean and Vegetarian. The Persian pop ups food was the most authentic, in fact Marjorie's dessert got such rave reviews it is the first time this season I wanted to reach a spoon into the TV screen to taste it, OMG. The Mexican team was only saved by Kwame's dish. I thought Padma was unfair to say the Vegan team wasn't at a disadvantage (IMO it's harder to make Vegan food give you that ""full"" feeling). Renee ended up eliminated over a boring Beet dish.

**E03 - Spines and Vines**

At Santa Barbara the cheftestants received a box of Sea Urchin (not Spot Prawns?) so it's off to the Vineyards for a sudden death quickfire featuring Uni. Grayson won (good for her!), Giselle beat Angelina and saved herself.

There was a twist in the elimination challenge, instead of Surf & Turf it's Surf vs. Turf! Of course there were a few disasters. Kwame just helping Wesley through his breakdown showed he's good people. I was pleased to see him win and get a cask of his own wine. Sadly, Frances messed up her Cod and was sent packing. Going to miss the entertainment factor, but truth be told her food was very one note (only Asian) and I don't think she has the technical chops or breadth to win.

**E04 - It's a Dry Heat**

The cheftestants are off to Palm Springs where Jose Andres judges a quickfire challenge with solar stoves and ovens! Wesley redeemed himself, he hinted at the winner getting a solar stove and Chef Jose thought it was a good idea so congratulations Wesley. The elimination challenge will be at a Golf Course, one of the things Palm Springs is famous for. I wasn't expecting the jokes.

* Jose Andres ""I hope they are cooking better than we are putting."" Charity + a sense of humor = win
* Blais ""This Dish is better than the beginning of my (golf) game"" Tom ""this might be the only green you hit all day."" Oh snap!
* Isaac on volunteering to do dessert ""I must be high or something, must be the desert getting to me.""
* Philip plated under his table cloth because of the wind. Padma called it ""The weirdest experience"" like she was talking to a ghost and Jose Andres ""Freakiest plating, this is a new concept.""

Yikes, they sent Grayson home because of the corn. At this stage I'm thinking Angelina is cursed and should have gone home instead.

**E05 - Big Gay Wedding**

The ""Date"" quickfire was judged by Chrissy Teigen, that caused Kwame to have a cute ""whooo"" fans face moment. Jason won, getting Immunity! And then Padma introduces the Teddy Bear Art Smith who will guest judge and be one of the 25 couples she's marrying (as the officiant) the Big Gay Wedding elimination challenge. At Judging Tom said some nice things about the importance of inclusivity. The theme (first look, SUV, happily ever after) was wonderful, most of the food was great (loved Isaac's Dirty Rice) and Art Smith's Rainbow Wedding Cake fit the theme to a T. Kwame wow (doing double duty as Saucier), Giselle was sent home after she claimed she was just Sous to Karen's chef, and Gayle asked what she even did if she was just the sous? Judges should not allow those to ""skate"" to get away without being eliminated (fair point.)

**E06 - Bananaise**

At the sudden death Fish Taco Quickfire, Angelina makes 2 rookie mistakes. Forgetting to plate her tacos (she left them on the cutting board) and then losing to Wesley. The elimination challenge is to pair a meal with a Top Chef flavored beer done by the judges. Karen got her first win with some solid cooking. In an epic moment Isaac makes Bananaise (with Siracha) #bananaise, ""Am I high or is this good?"" giving this episode its title. The bananaise wasn't the problem with his ""too many ideas this doesn't go together"" dish which saw him in the bottom 3, luckily avoiding elimination was Wesley was sent home.

**E07 - Back In The Day**

Oooh a Quickfire where each chef chooses 1 ingredient those 10 ingredients are all they can use led to a wide variety of dishes! Jeremy won (again) with another cold type dish that looked pretty. Since this is Top Chef's 10th anniversary, the elimination challenge is to cook a dish representing the them from 10 years ago. Was pleasantly surprised to see some big wigs and Top Chef alumni like Mei, Antonia Lofaso and Michael Voltaggio at the meal. Blais even made a joke about Antonia twitching when the time went off, that was funny. Jason's insecurities got the best of him, sending him home. Happy to see Marjorie get the win.

**E08 - Where's The Beef**

Food Porn using Junk Food Quickfire winner was picked by Instagram based on the picture alone so the winner wouldn't be revealed till later. The elimination challenge - in teams of 3, cater Beefsteak, a black tie bacchanal event where guests eat with their hands, Medieval times style! Phillip FINALLY wins with his lamb chop, seriously eating something with a bone is satisfying so he made a smart call. Was sad to see Chad go.

**E09 and E10 - Restaurant Wars (Part 1 and 2)**

For the first time ever they have to do a lunch AND dinner service! Double the Drama! Lunch service was more or less tied, but dinner was a whole different story that made the victorious team obvious. Glad to see Isaac finally take home a win, actually thought Marjorie was equally deserving since she also helped Karen do front of the house before Dinner Started. Amar really dropped the ball as Exec Chef but got lucky - after the high from last week, Phillip's 2 bad dishes sent him home.

**E11 - ""Hammer Time""**

Most entertaining Quickfire to date as cheftestants must make a dish embodying their chosen Rapper name and alter Ego. Carl got to rap for MC Hammer, Kwame was put on the spot and got needled into rapping by Padma, which he did okay at, so Padma kisses him on the cheek! Oh! Kwame may not have won the Quickfire, which went to Isaac's Toups Legit 2 Quit scallops and grits (100% would eat), BUT he got a kiss from a beautiful hostess that he has a bit of a celebrity crush on, so he's the real winner here.

The elimination challenge was interesting - cheftestants had to go to a library to research before creating dishes inspired by their chosen significant international culinary periods in history. Some had real difficulties navigating the library for materials, worse yet when they discover some of their preconceived notions about the cuisine of the period are historically inaccurate! That night at the famous Tiki Bar, Jeremy who used to have long hair and played in a band could not resist the drums, so they do a ""Top Chef Band"" with Isaac on the ""more Cowbell!"" LMAO, that was great. Unfortunately Karen's Japanese dish was too much Chinese with too many components, I was sad to see her go.

**E12 - Wok this way!**

Hey it's Martin Yan from Yan can cook guest judging the Wok Chop Suey challenge. I don't think the chefs realized just how hot a wok fire is, and how fast stuff cooks! Marjorie's victory let her strategically choose each of her competitor's sous chefs, and that girl REALLY chose strategically! The elimination challenge was to serve 150 portions of food for a Fast Casual restaurant concept. Carl's healthy concept was a hit with the audiences and the judges, so he won. Unfortunately Kwame's decision to purchase frozen waffles then cut them into tiny tiny pieces for serving didn't work. I can't believe he's been eliminated, he might be young but he is soooo talented, I hope he makes it back in Last Chance Kitchen.

**E13 - Back Where It All Started**

There's a Sudden Death Quickfire with Trendy Toast! Luckily nobody did avocado, Jeremy won with Chicken Liver mousse. Amar and Carl faced off cooking their best dish (no restriction). I can't believe Crudo Carl won, even ""another crudo?"" Padma said it tasted good. Sorry Amar. The elimination challenge had Hubert Keller re-opening Fleur De Lys for ""One night only"" before it closes for good, and the diners are a who's who in the culinary world. Intimidating for sure. Jeremy won with a dish so elegant and tasty, Hubert said he would ""probably put my menu."" All the other dishes has flaws but it was Carl decision to try make a foie gras torchon (that normally takes 3 days) in too short a time resulting in under cooked foie that sent him home.

**E14 - Magic Hour**

Vegas! Hey, Amar is back from Last Chance Kitchen, aww there goes my hopes of seeing Kwame again. It's a class warfare Quickfire with different pantries for Royalty, Clergy, merchants and peasants (ouch). The whole thing where each higher in the hierarchy can plunder from the pantry of those lower down was kind of irksome (because it happens IRL). Jeremy chooses a clever dish and won sending him to the finale while the other 3 have to compete in a double elimination. 

Oh David Copperfield! Now they have to entertain while creating a dish with some kind of magic and entertain the crowd while doing so. Marjorie tried, she actually was personable while cooking. Isaac did a disappearing egg trick, neat! But it was Amar who put out the tastiest dish with zero entertainment value who won. I admit I'm a bit disappointed at the judges for not following the criteria of their challenge.

**E15 - Finale**

Amar vs. Jeremy, two of the chefs with arguably the widest technical cooking skillsets are duking it out. Both have big name mentors - Charlie Palmer and Jean George Vongerichten, who end up as one of their 3 sous chefs for the finale! Whoa! I didn't know Amar and Charlie had past beef, are they trying to make me go nuke some Popcorn for this?? Both meals had meat consistency flaws and looked delicious, worth of a finale. In the end Jeremy who has admittedly been solid the entire season, won over Amar's flavors. IMO both won, Amar is surely going to get more visitors to his restaurants now that we have certain expectations around the taste, quality and capability of his cooking / cuisine.",analysis,
"Yes, Chef TV Show - Katsuji

Just saw a commercial for this new show that stars Jose Andres and Martha Stewart. It’s about chefs that apparently have issues. And one of the chefs is apparently going to be Katsuji",discussion,
"LCK S22 E2 on Sling?

Does anyone else watch on Sling? I’m catching up on LCK today, and episode 2 seems to be missing. Anyone else having trouble finding it?",discussion,
"Watching for the first time, not trying to be mean but Hugh Acheson’s mouth

It’s just small right? Or is there something like a palate thing going on, cos combined with the unibrow it made me think of waardenburg syndrome",opinion,
"Which seasons of Top Chef have the most antagonistic and drama filled scenes?

Watching Top Chef All Stars and Marcel is antagonizing Dale while drinking straight out of a bottle of Bombay Sapphire Gin and making growling noises and pretty much asking to get the smack down from Dale. 

Not to mention everyone hates Jamie for some reason. 

What other seasons are this dramatic so I can catch up on them?

English is my second language so apologies for any bad grammar.",discussion,
"Mini Top Chef Kentucky Reunion on TOC

Tonight Sara Bradley and David Viana competed on Food Network's Tournament of Champions. I wont spoil the winner (but yay!), but it sets up another Kentucky reunion next week when this week's winner goes up against Nini Nguyen. TC Kentucky well represented in that bracket.",discussion,
"Do they specially stock the Whole Foods that hosts the shops each season?

Either I’m a terrible shopper or they bring in extra products because I always find myself watching the shops thinking there’s no way this is all available at Whole Foods.

And is the store open to the public or is it for sole use by the show during the season? Would be cool to shop a wider selection if you’re in the host city",discussion,
"Dish with Kish - blind tasting

I love how both chefs found weird ingredient combinations that worked together for the other chef accidentally.",opinion,
"I think Tom hates Massimo

When Massimo was explaining his mistake, Tom said 'If you were smart you would have said...'. Then when Massimo made his performance anxiety joke, Tom was not amused at all. And finally he just seems annoyed/nonplussed at the whole Massimo bombastic TV gimmick.",analysis,
"'Top Chef' Is Wasting Canada

""Toronto is one of the most multicultural cities in the world, with over 250 ethnicities represented and over 180 languages spoken among its population. On a single streetcar route, you can taste the flavors of the Caribbean, Tibet, Portugal, Iran, Pakistan, Korea, India, Vietnam, Greece—just to name a few.""

Amen.",analysis,
"Season 10

I’ve watched a few seasons not in any order but I have to say…. Season 10 is the WORST season in terms of people with talent and actually doing their best to win. I feel like as they got to the end, people were only winning because the ones they’re up against put a dish out that is just a little less shitty then their own. Nobody really tried to step out the box or their comfort zone & even the last elimination challenge Sheldon’s mistake even though he got through was as simple as not tasting his salty ass broth😒 how are you at end and NOT tasting your food before plating it???? Josh made bacon/breakfast themed plates EVERY damn challenge, except for the one where it counted and his ass was on the line - before entering into the Top 2. Idk this entire season made me mad lol. One challenge everybody fcked up so bad Tom refused to allow any one to receive the reward and said no one of you deserve this and he was not wrong!😂 Then again they did pick these people as “top chef contenders” so who is to blame?🤣",opinion,
"Pressure Cooker on Netflix

If you’re enjoying Lana this season, check out Pressure Cooker on Netflix. It’s Top Chef meets Big Brother where all of the chefs live together and vote each other out. Lana was easily the fan favorite.",discussion,
"Type of Challenges Discussion

Is it just me or do not usually get this many incorporate these random ingredient challenges in a row? It’s getting boring! 

Episode 1 quick fire 3 ingredients challenge plus set of regional Canada ingredients for elimination challenge

episode 2 elimination challenge maple plus random market ingredients 
** was happy that quick fire was just provide your interpretation of a poutine! 

episode 3 random hockey term ingredients 

** was happy that quick fire was just provide your interpretation of a meat filled pastry. 

Episode 4 quick fire was random trivia ingredients and elimination was a little bit more broad since they could interpret the dessert, but still expected to incorporate specific elements/ingredients like chocolate in their dish.",analysis,
"Carrie Baird's restaurant, Fox & The Hen, among those being sued from former employees over 20% service charge misuse

Culinary Creative Group, the restaurant group that owns Fox & The Hen is being sued by former employees for misuse of service charges/wage theft. Carrie also is listed as Partner And Culinary Director on the CCG website.

Very disappointing, Carrie was one of my favorite Top Chef contestants and it's sad to see her taking advantage of and stealing from the people working in her restaurants.

[https://www.cbsnews.com/colorado/news/denver-restaurant-group-lawsuit-former-employees-service-charge-misuse/](https://www.cbsnews.com/colorado/news/denver-restaurant-group-lawsuit-former-employees-service-charge-misuse/)",discussion,
"Ultimate Top Chef?

Now that we are in season 22 of top chef, I wonder if they would ever do an Ultimate top chef-just top chef winners competing to see who is the ultimate winner. That'd be neat.",discussion,
"Tom in the kitchen

Does anyone else miss Tom's walk thrus? I know I do. I enjoyed his commentaries so much.  I especially LOVED when the cheftestants would try to engage and one little comment from Tom would throw them into a tizzy. Or try to get away from him on order to finish their dishes. ☺️
Was it COVID that he stopped?
I would love him back in the elimination cooks. 
Your thoughts?",opinion,
"I’m so proud of Kristen

I enjoyed her as a host last season but she seems to have gotten her groove this season. I just find her so pleasant to watch and I love that the contestants can relate to her.",opinion,
"Top Chef vs Food Network Hypothetical

If Tournament of Champions was 16 Top Chef contestants and 16 Food Network chefs who do you think would win? Each first round matchup would be Top Chef vs Food Network. I think Top Chef dominates",discussion,
"Seasons 1-21 Megathread

This is a place to discuss previous seasons to avoid spoilers. Since we are filtering all posts between 

Thursdays and Sunday, this is a way that you can discuss prior seasons. This is a work in progress...",discussion,
"NEW RULE: All posts will be filtered every Thursday-Sunday to avoid spoilers

To avoid spoilers, we are implementing a filter for all posts from Thursday evening-Sunday evening. They will be held for review.

To participate in the discussion of this season, please place a comment under each week's thread. Each week's threads (episode and Last Chance Kitchen) will be pinned to the top.

We will start a megathread for previous seasons. You can discuss them under the megathread during that time period.",discussion,
"James Beard Nominations 2025- Sara Bradley

[https://www.eater.com/24398769/2025-james-beard-awards-restaurant-chef-finalists](https://www.eater.com/24398769/2025-james-beard-awards-restaurant-chef-finalists)

  
Chef Sara from Kentucky/World All Star was the only Top Chef name I recognized this year, but could have missed one. Freight House is one of my favorites, so Let's Go Sara!",discussion,
"Food safety

Not exclusive to Top Chef I guess but in any cooking competition, especially with a fast moving clock, I feel like I never see them wash their hands or sanitize their station after handling raw meat. I’m sure it’s boring to show hand washing but even in the background shots you don’t see it happening, they just butcher an entire chicken on their station and then carry on touching everything. 

This has to be a huge food safety issue? How are people not getting food poisoning all the time??",opinion,
"Season 22, ep. 4: Top Chef Trivia

Actor Michael Cera joins Kristin in the kitchen for the Quickfire challenge, where the chefs’ trivia skills are put to the test.  For the Elimination Challenge, the chefs must put their own spin on some of Canada‘s most iconic confections.",discussion,
"Who's Dishes Were Made By Their Resume/Mentors

A lot of people over the years have mentioned that they ""do this recipe at work,"" ""learned this recipe from (xxx famous chef they work for)"", and ""I remember this from when I worked for (x) in the past."" Usually they do change one ingredient and it is usually done in quickfires BUT what dish/recipe do you think came from a famous chef a contestant worked for versus the contestant themselves?  

This isn't when they say a technique but rather a dish itself.",discussion,
"Fish and Cheese

Every time a chef decides to make a fish and cheeee dish, the judges always voice that the two food items don’t go together. And if I’m not mistaken, the few fish and cheese dishes that were served lost big time. Now, I know it’s the opposite of a gourmet meal, but the only thing I like from McDonald’s is a filet o fish sandwich, and it’s because of the cheese. Does anyone else have a fish dish with cheese they like? Just curious.",opinion,
"Season 10 re-watch... HOLY BATMAN the food waste...

I'm rewatching season 10 of Top Chef: Seattle. I'm struck by the amount of food waste I'm seeing. I'm watching the sushi and fried chicken episode. At one point Stefan is looking at cooking something, it looks like mushrooms, sniffs it, and tosses it in the trash can. Like he grabbed it from the pantry, brought it back to his table, sniffs it, and throws it away... and they look like fancy mushrooms.  I'm watching Brooke take the breasts of a chicken and throwing the rest in the trash can. Is this normal? I feel like I have watched a ton of Top Chef, but never seen this before. There's not even a compost or green bin for the chefs. It's especially startling seeing how high food costs are now and how so many of us are pinching pennies, and in other later seasons where chefs talk about food waste. Any other people notice that? I'm kinda' shocked and offended.",analysis,
"Buddha

I half wanted him to be on this season of top chef lmao just to destroy everyone like he does so well",opinion,
"Television shows do not need teaser previews to keep you watching.

Let's talk about shows that feel compelled to show you snippets of the third act of the show during the commercial outro between the first and second act.  Ostensibly this is supposed to help retain viewers who may start a show and then abandon it after a portion searching for greener pastures.  Has anyone who is multiple epoisode into a series needed a teaser to keep you watching?   In the era of streaming and pausing live television I can't imagine this is needed.",analysis,
"Why is this show still on Bravo?

It's weird to me that this show is still on Bravo. It's basically become the farm system for Food Network TV hosts/judges. Why hasn't it just moved to Food Network and renamed itself ""America's Next Food Network Chef"" or something like that?",opinion,
"WHY NOT ATLANTA?

I’m into the new season, I am. But Canada before Atlanta? I read in the AJC from a few years ago TC considered Charleston to be one of the reasons they couldn’t do Atlanta for a while, which I found borderline insulting given how much I dislike the Charleston season. Also they did Kentucky literally two seasons later. 

If you’ve lived in, visited, moved to or away from Atlanta (or just want to weigh in), what do you think would be some interesting challenges? 

I do acknowledge Philly as a another major American city that has also been shunned, and I’d love to see that too.",analysis,
"WHY NOT ATLANTA?

I’m into the new season, I am. But Canada before Atlanta? I read in the AJC from a few years ago TC considered Charleston to be one of the reasons they couldn’t do Atlanta for a while, which I found borderline insulting given how much I dislike the Charleston season. Also they did Kentucky literally two seasons later. 

If you’ve lived in, visited, moved to or away from Atlanta (or just want to weight in), what do you think would be some interesting challenges? 

I do acknowledge Philly as a final major American city has also been shunned, and I’d love to see that too.",analysis,
"Appreciation Post: Padma’s Outfit!

I just started watching Top Chef because I wanted to explore more competitive cooking shows, and I’ve noticed how amazing Padma’s outfits. This is more of an appreciation post for Padma’s style!!!",discussion,
"Top Chef Cities

I wonder why they have never done a season in Philadelphia and/or Atlanta",discussion,
"AppyHour

Anyone getting flooded with ads from our favorite NachoBetch, Chef Dave?  *Say it slowly in your head*",discussion,
"S22 Early Thoughts

Well, three episodes and Last Chance Kitchens in and here are some early thoughts.

  
1. Wow - they just jumped right in. No ""getting to know you"" for the contestants.  In fact the titles they flash for the contestants often times does not even give me time to catch where they are from, much less any background. I'm all for highlighting the cooking, but would like some background and be able to guess at Top Dogs and Dark Horses.

2. Cooking looks pretty good. I do hate to see ""tricks"" in there, like the 'pick a bad ingredient for the competition'.  I'd rather just focus on the actual cook.

3. Speaking of actual cook - not a lot of side trips, hangs at the house, etc. so far. Maybe just getting the initial weed out completed.

4. Vinnie looks like the Buddah of this one. Seems like he is a step ahead of most.

5. WTF - Another quitter? What a shame. Seems like the vetting team should do a better job. If you can't handle the heat...don't sign up to get in the kitchen. The mystery chef looked pretty solid as well.  Wonder if they bring in another sub.",opinion,
"Comparing season 21 to 22

Just heard a podcast were a previous contestant sounded very salty about the judges reception of this new season 22 cast. Seems that they think that the judges are getting soft or old, and therefore not as sharp with the new contestants. Though there were some very talented chefs in season 21, I am of the opinion that this new cast might be more talented and prepared for this type of show. I seem to remember lackluster dishes in season 21.",opinion,
"Is Not Top Scallop Podcast

Hey G'day Y'all! I hope you're enjoying S22. I really feel like the show is back to a pre-pandemic level of excellence. Especially now Kristen Kish seems to have hit her second rodeo stride. 

If you guys love Top Chef - and I know you do, Hopefully you'll love our fledgling little podcast ""Is Not Top Scallop"". Christy &amp; Me (Johnny) are excited to bring you our conversation about our fave TV show.   


Episode 3 is out, do us a favour? 

Go ahead and give it a bit of a listen!

Please comment and subscribe if you're that way inclined - especially if you have any constructive criticism.

Anyhow, this is a fun little project one way or another, but it would be cool to know what y'all want out there in scallop land.

Thanks fam.

  
here's the links:

[https://www.youtube.com/channel/UC-GXvc7hmsO7BqR8eIQbFRg](https://www.youtube.com/channel/UC-GXvc7hmsO7BqR8eIQbFRg)

  
[https://podcastsconnect.apple.com/my-podcasts/show/is-not-top-scallop/fae3cd17-b10b-49ff-bb9a-9d402472088e/episode/rawdoging-the-ice-for-a-taste-of-the-forest/b98b7f57-9c15-4089-9302-6e5eb5a5f38e](https://podcastsconnect.apple.com/my-podcasts/show/is-not-top-scallop/fae3cd17-b10b-49ff-bb9a-9d402472088e/episode/rawdoging-the-ice-for-a-taste-of-the-forest/b98b7f57-9c15-4089-9302-6e5eb5a5f38e)

  
[https://open.spotify.com/show/5tv3sEk1Dq3lpVWU8oJWXc](https://open.spotify.com/show/5tv3sEk1Dq3lpVWU8oJWXc)",opinion,
"Nina from Season 11 New Orleans

I love everything about her, her voice, her calmness, her skill, her ability to cook great food, now matter the challenge. That's all. Wish we could see more of her on Food Network.",opinion,
"Trying Richard Blais’ new restaurant

I tried Richard Blais’ newest restaurant in Arizona called “La Zozzona” which opened this winter! It was soo delicious, probably one of the best meals I’ve ever eaten. Horrible quality pics but we had:

Drinks: 
-Gin Zozzona: goat cheese-washed Gin Mare / cherry tomato / simple syrup
-I can’t remember the 2nd one, something with tequila and berries! 

Food:
-Crispy Squash Blossom: mozzarella and calabrian chili honey
-Burrata: topped with basil pesto
-Celery and romaine hearts: anchovy, garlic, and Parmesan dressing
-Rigatoni “alla Zozzona”: guanciale, sausage, tomato, chili, and pecorino romano
-Cavatelli: with cavolo nero, chestnut cream and black truffle
-Chocolate Hazelnut: chocolate cake, hazelnut crème, caramel, stracciatella gelato, and praliné cocoa sauce",discussion,
"Canada’s Real Indy Chef

Hey Gang! I’m the only Chef in Canada with my own studios in Vancouver signed to a major network &amp; now in season 2! It’s a great story and I’m on a press tour this summer be great to share it with you Foodies ❤️🇨🇦

https://youtu.be/jSQJ5pLV3iE?si=BXCgLmoKJUvgxE0-

LETS GET COOKIN!",discussion,
"Please stop posting new season spoilers!!

Please stop including possible spoilers in the title, at least. I have no access and am waiting to binge one day. I don't want anything ruined for me before that time. Thank you.",discussion,
"Pack Your Knives Podcast

As a previous fan who mainlined all the episodes during the pandemic years and got super frustrated about everything Kevin, I'm glad to report that they've got their mojo back this season. Eric is a wonderful replacement and we have the normal draft back.",opinion,
"Judges vs contestants

While walking on ice. The contestants put on booties and STILL slipped. The judges, on the other hand, walked out boldly and Gail was wearing stilettos! 

I guess the judges ARE judges because they can walk on ice without mincing steps.",opinion,
"Theme Song Change

When did Top Chef remove the ""ohhh yeahaaa"" part of the theme song?",discussion,
"Quick question for this sub…Brooke Williamson seemed really happy with her husband and son throughout the show, and now she’s divorced and dating Bobby Flay. Is there some tea I don’t know about?

This is a purely curious post. Brooke seemed very happy with her husband who she ran multiple restaurants with, not to mention they have a lovely son together. 

Was there some impetus that separated them? I am a huge Too Chef Fan, and Brooke was a recurring contestant and guest judge, and now I can’t watch her anymore. I can’t imagine being a husband and then dropped for a celebrity chef.",discussion,
"Anyone in Canada able to watch LCK?

I got an error message for the first few days for the first episode but then I was able to watch it but cannot watch subsequent ones. I keep getting a content warning. It happens in Chrome, Firefox and on my phone (although on my phone it plays an ad and then crashes).",discussion,
"Help! My friend and I are trying to recall which New Orleans season episode featured a team challenge that took place in a restaurant where the actual owner/chef of the restaurant was running the kitchen and calling the tickets for the plates that went out.

We’re trying to recall the chef. Does that sound familiar to anyone or are we making that up?",discussion,
"Anya and her pine cones

Anya, hold your head high, you introduced Daniel Boulud to an ingredient he had never had before and that is saying something.  I wish we were going to see more of your cooking too, will watch out for you!",opinion,
"Shirley Chung, Stephanie Izard and Christa Luedkte out for dinner at Stephanie’s newest restaurant

Shirley looks incredible! 🙏❤️.  Stephanie had her chefs modify the dishes so Shirley can eat them.",discussion,
"Top Chef embarrassed women’s hockey

They made up completely fictional hockey terms and made these olympian STARS sit there with smiles on their faces? Licorice and peanut butter???? What??? Icing is literally a hockey rule. Swiss cheese is a term. Goose egg was good. Egg is not. Bagel and donut make sense. Embarrassing to these women.",analysis,
"Like Real Question - You Legitimately Can’t Eat an Ingredient on a Twist

First - not a chef at all. Just really enjoy the show and cooking shows. 

I don't have allergies but there are specific foods I can't eat. I cannot eat wasabi or horseradish. I literally get sick with the smell alone. I don't like cilantro but can deal. 

Are professional chefs allowed to say, yo, I REALLY can't eat these couple of things? Or is it disqualifying?  You can't compete if you can't use absolutely everything. I'd be curious",discussion,
"Destination Canada, or destination Top Chef studio?

Ok. Hear me out. I love Top Chef. I’ve been a die-hard fan since the early seasons, but I have a grievance with this season. 

Why are we in Canada, but we’re not seeing Canada? When we had seasons on Colorado, we saw mountains and cities. When we were in Texas, we saw the Alamo and BBQ pits. In this season, I’ve seen the Top Chef kitchen, a generic-looking Whole Foods, and that’s about it. I want to see Canada! 

 I sure hope they travel around and show us Canada’s diverse and beautiful country, because right now, this could have been filmed in a studio. 

Anyone else feel the same?",analysis,
"Season 12: Boston question

Bingeing Top Chef seasons bc I never watched it and really enjoying it. 

But I just got to season 12 (after hating the winner of season 11!) and noticed something—the way the judges are much critical on site, at the festival in ep1 and now with the first responders at the table in ep2, rather than waiting to get back to judges table

Is that something they were trying to do differently in season 12, sorta like the video monitor they used in season 11? Does this continue throughout the season?

Idk, it sorta seems almost rude to be some critical right there at the table after eating the food, especially in front of the invited guests. 

It feels like putting family business out in the street haha",opinion,
"Henry Lu’s Main Dish S22E02

Spoilers for s22e02

Any chefs or otherwise expert cooks here know what Henry’s options were for the &gt;!frying oil for his fried chicken? Would he have had time to heat new oil hot enough for frying? More broadly, I’m trying to understand how basic a strategic mistake this was in terms of cooking technique and execution. 

Unlike with most of the contestants, I’m in the rare and fortunate position to have not only actually eaten at his and Evelyn Garcia’s restaurant, Jūn, but to have eaten a very similar dish to the one in the show - the fried chicken, which was the best /signature dish at Jūn. In fact, I would say it’s one of the most perfectly cooked pieces of fried chicken I’ve ever had.  

Of course, I don’t know if Lu himself is responsible for how they cook it there, but it’s surprising that it wasn’t cooked well from a basic technique standpoint.

From his exchange with Tom and Lu’s own comments in the kitchen, it sounds like an issue with the oil being too hot or something after Zubair had used the same oil for his fried chicken. 

So what should Lu have done? If there wasn’t time to heat new oil up, isn’t it kind of an unfair disadvantage for whoever goes second?!&lt;

Also, why are there two Top Chef subreddits with approximately the same number of members (35-48k) instead of one large sub? What’s the difference?  (Apologies if this has been asked and answered, but I searched both subs and found nothing.)",analysis,
"Andy Cohen is Ruining Top Chef

It feels like to me, Andy is incapable of leaving a good thing alone. The peak of Top Chef to me was season 18 when everyone just cooked and supported each other. Since then signs of Andy have been creeping in and this season is especially egregious. Top Chef fans are not Real Housewives fans but he is trying to appeal to them. It was one thing with the Roa pasta commercial being over dramatized like a RH episode, but this latest episode with them playing on ice? What was the point, it was clearly forced with non of the chefs really wanting to do it. I played multiple instruments growing up and was in marching band so I’ve noticed as well the increasing overly dramatic background music when doing mundane things like shopping. 

Someone needs to tell Andy that we are not here for the gimmicks we are here for the good food and cooking. Top Chef is from a time before RH was the main driver on content on Bravo, we had Project Runway (Auf Wiedersehen), inside the actors studio, Shear Genius, Tabitha Salon Takeover. 

Top Chef never needed and will never need the globs of make up, over glam looks, manufactured drama to be good, in fact it detract from what makes the show good. Like a winning dish, more often than not less is more. Let the ingredients shine, a deep fried flash frozen risotto orange mint ice cream would sure have the drama but we all know it would be the dish to send the chef home. Andy needs to pack his knifes and leave our beloved show alone!",opinion,
"Spotted in the wild: David Murphy

Serving delicious food at the Bioneers conference in Berkeley! Shuggies still going strong.",discussion,
"They showed the wrong winning dish tonight

The dish they showed at the judges table was not the dish of the winning chef who won the challenge.",opinion,
"Need Advice on My Job Offer in France and Career Plans for One Year Gap

Hey everyone, I need some advice! I recently completed a six-month internship at a restaurant in France, and before leaving, my chef verbally offered me a job starting next year in March or April. However, I haven't received any official contract or written confirmation yet. I'm heading back to India and have a one-year gap before I can return to France. Should I work in a five-star hotel to gain more experience, or should I start my own cloud kitchen (which I’ve been planning) and try to manage it before leaving? Also, what documents should I ask my chef for before I leave to secure my job offer? Any insights would be really helpful—thanks in advance!",discussion,
"Newbie watcher- hooked on Top Chef!

Been a loooong time FN fan and just kept seeing so many Top Chef stars. I have subscription to Netflix and watched the random seasons they have are on there (10, 12 and 16 I believe) and have been hooked since! Literally just gave in and got a Peacock subscription so I could binge watch the rest of the seasons!! Though I didn’t realize it does not include 1-7. Is it worth trying to find another subscription to get 1-7?!

Anyways just posting because I feel silly as cooking competition show junky I haven’t watched Top Chef until the last month! Can’t wait to binge and catch up!",discussion,
"48,000 members!! WHOO HOO!

Thank you guys for joining and making this such a great sub!!",discussion,
"Nyesha Arrington

When I watched season 9, I thought she was a standout chef. She really got screwed on that double elimination",opinion,
"What’s your favourite season?

So I’m on the Colorado season, and I gotta say, I absolutely love all of the finalists and apart from Tanya and Claudette having a few unsavoury moments, no one is really an asshole on this season. Also, even without all of the drama, the season is super immersive and entertaining. I love watching Adrienne grow as a chef and was excited to see Joe F win LCK. Carrie is also obviously a stand out—she’s got such a great attitude and is so unexpectedly funny. Everyone just seems to really vibe. What a bunch of great people! 

What are some of your favourite seasons and why? :)",discussion,
"Chris Crary’s celeb wife

I randomly like to look up past contestants and see what they’re up to now and was surprised to learn that Chris Crary (Texas, season 9) is married to actress Rachel Lefevre (I remember her most from a couple of the Twlight movies 🤣).

https://en.wikipedia.org/wiki/Rachelle_Lefevre",discussion,
"Brooke Williamson &amp; Bobby Flay are dating.

Just read an article on People that they’re a couple now. Didn’t even know Brooke was divorced. Here’s the article: https://people.com/bobby-flay-brooke-williamson-are-dating-source-11702687",discussion,
"Season 2 DVD

I have learned over the last few weeks that Season 2 has a reputation for being The Worst (tm).

But, I watched it when I was a kid, and now I'm nostalgic lol. So far, the only legal way I can find to own it (would like to stress that ownership part) is to buy the season on amazon. My efforts to find a copy of the DVD, let alone proof that it even ever existed, is proving fruitless.

So...was there ever a Season 2 DVD released, or should I give up on that particular avenue of search lol?",discussion,
"Season 2 DVD

I have learned over the last few weeks that Season 2 has a reputation for being The Worst (tm).

But, I watched it when I was a kid, and now I'm nostalgic lol. So far, the only legal way I can find to own it (would like to stress that ownership part) is to buy the season on amazon. My efforts to find a copy of the DVD, let alone proof that it even ever existed, is proving fruitless.

So...was there ever a Season 2 DVD released, or should I give up on that particular avenue of search lol?",discussion,
"Dinnerware in Boulud’s restaurant in S22 E2

Does anyone have any idea what some of the dinner and plate ware is that the chefs are using in the elimination challenge? I don’t have a screenshot but an example would be the bowl that Corwin used for his dish when he accidentally gave Boulud plastic along with the dish.",discussion,
"House of Knives (Max)

Does anyone know when House of Knives was filmed? Shirley Chung is on it and I know she’s having some health issues currently.",discussion,
"Where are they now?

So I decided to start binge watching Top Chef a few weeks ago ( I just started season 15). I love seeing chefs on the show that I know are major successes nowadays. People who are judges on Chopped or GGG. Or even women who are now tournament of champions winners/participants. Or people who have major restaurants. It is just amazing. I know people would be excited to see an A-list celebrity but I would die to meet one of these chefs and eat their food.",discussion,
"Where are they now?

So I decided to start binge watching Top Chef a few weeks ago ( I just started season 15). I love seeing chefs on the show that I know are major successes nowadays. People who are judges on Chopped or GGG. Or even women who are now tournament of champions winners/participants. Or people who have major restaurants. It is just amazing. I know people would excited to see an A-list celebrity but I would die to meet one of these chefs and eat their food.",discussion,
"Two episodes into the new season…

We are two episodes into the new season, and I am rather enjoying it.

I remember last season people were saying Kristin wasn’t a good host. She is. I always loved her in all things she’s done/hosted. She was never the problem with Wisconsin. 

Wisconsin was bad because the contestants weren’t memorable. They all had bland personalities that just don’t work with TV (I’m sure they’re all pleasant individuals irl) 

This season is definitely more lively. 

Massimo is a character and Anya reminds me of my mother 😂

I’m excited to see more personalities blossom",opinion,
"Destination Canada contestant Katianna - do my eyes deceive me??

Just watched the first ep of Destination Canada. In one of quick little ""back home"" photos of Katianna, as she was explaining being adopted into a Jewish/Catholic American family and then starting to explore her own roots and cuisine, one of the pics was of her and her brother. She said ""I have a brother who is not adopted"" just a casual comment and the pic was only up for a few seconds. But I thought HOLD UP, that guy looks familiar. The brother. I backed it up and paused, then it came to me. Either it's a really close doppelganger situation, or her brother is Reid Scott, the actor who plays Dan Egan on VEEP. Anybody see this? 

I searched the sub and saw no other mentions but if anyone else here is a massive VEEP (and ""Dan"") fan and also watched Top Chef, please tell me I'm not crazy! She also said she was from ""upstate New York"" and he's from Troy/Syracuse so pretty sure it's him. If so, neat little ""Easter Egg.""",opinion,
"Help me describe Top Chef and LCK to my boyfriend

He wants to watch top chef because it introduces us to a lot of chefs we see on the food network but he doesn't really understand it, I think because it's not like other cooking competitions? I've tried explaining lck to him but he's confused.",discussion,
"Last chance kitchen season 22 EP 1&amp;2 are the same?

On YouTube TV and peacock both last chance kitchen episodes that are out are the same episode. Featuring the first chef kicked off and 2 new chefs. I'm confused. Shouldn't there be one with the chef voted off in episode 2??",discussion,
"Texas season

I feel like this season is just ruined by the bullying, but I feel there were some great personalities here, and also some really cool challenges. Edward Lee, Beverly, Ty-lor, etc. Oh, and Dakota sticking up for Beverly and saying how terrible Heather is. What are your thoughts? Let’s do positive posts only please.",opinion,
"Last Chance Kitchen as a metaphor for Heaven

Last Chance Kitchen is the afterlife of Top Chef, but unlike Hell's Kitchen and other such torturous cooking shows, I get much more heavenly vibes from LCK. Chef Tom serves as an amalgamation of St Peter and the loving God himself: it's the final judgment, and wrongdoings will not be overlooked, but you get the sense that he truly wants to best for his flock. But my favorite heavenly aspect of Last Chance Kitchen is the angelic chorus of fallen chefs, sitting on their stools, shouting encouragement to the still-living. There's something so comforting about seeing them again, like everything's gonna be ok. Maybe there were tears and heartbreak last week, but here they are again, chatting and smiling, reminding us that at the end of the day, this is all for fun.",opinion,
"Blandest Winner

Just curious who you all think was the most boring or plain or unexciting winner? In my opinion it’s got to be Jeremy from 13 or Hosea from season 5.",opinion,
"I'm watching the Poutine QF right now...

and I'm surprised how many of the chefs decided to go ""high end."" To me, poutine should be ""drunk at 4 am on Sunday morning, soak up all the alcohol so you can show up to church on time in 7 hours"" food.

I'm thinking if I were cooking for this challenge, I would make cheese stuffed tater tots and a white sausage gravy (like biscuits-and-gravy gravy.)

There were fondant potatoes, Mornay sauces, parmesan mousses, etc. How would you guys have gone? Elevated starchy veg cuisine or finger food?",opinion,
"Fave Challenge

What is your favorite challenge either quick-fire or elimination challenge? Please refrain from using the most current season since some can’t stream it yet :) Including yours truly. 

Personally, I love the challenges geared to creating meals with a the typical household budget and ingredients. Hootie Hoo! Carla’s pot pie!",discussion,
"Judges Table

How are we feeling about this new season and their judges table?

I personally love and miss when they give the top and least favorite dishes critique and draw it out before they announce the winner and closer of each week.

Also it's missing the cameo in the stew room where they sweat out the judges decision.

Other than that I love this season so far, but that's a key aspect in my opinion that is missing.",opinion,
"This is a good season!

This roster of chefs is one of the best they have ever had, barring the two kicked off so far. 

Looks like a high caliber of cooking with a lot of creativity. And they are congenial and professional so far.",opinion,
"Unsubstantiated Edward Lee Conspiracy Theory

Ed Lee seems to be a very nice guy. Comments as a judge are always nice, constructive. He finds a way to find the positive. With that background in mind, my conspiracy is that in Top Chef Portland, on the tofu challenge, he knew that Byron was going to be swept by Jamie. Ed didn’t want it to be 10-0 (the pretty humiliating) so he voted for Byron to save that fate, even though he thought Jamie had the better dish. He’s a not so secret nice guy (\*as a judge).That’s it- that’s my secret sub plot.",opinion,
"Episode 2 Amazon

I tried to watch the new episode, but it’s showing “unavailable “ on Prime. Is anyone else having issues?",discussion,
"""Am I the only one that was inspired to buy _________ today?""

Am I the only one that was inspired to buy pine comb jam today?  Can't wait to get it.  I love that contestant!  Cheesecake pancakes?  Sign me up.  Also love Daniel.  If you have not seen him and Tony Bourdain in Lyon, give it a looksee.",discussion,
"You can eat Japanese curry rice everyday if you make it using curry powder. Costs just 50 cents for 5 servings. If you buy those Japanese curry roux, it costs you $5. Here's my recipe

The reason why you are not eating Curry rice everyday is because the Golden Curry roux is too expensive. One box of that stuff costs like $4.50 and makes only 5 servings. That's about 3 to 4 cups of curry. But if you use curry powder (Regal Spice brand curry powder) it costs just 50 cents to make 5 or 6 cups of curry, which is 6 to 7 servings. And I guarantee you it tastes just as good as the Golden Curry brand.

You can buy curry powder from Ebay. I buy Regal curry, 5 pound jar. [https://www.ebay.com/itm/226592954532](https://www.ebay.com/itm/226592954532)

And here is my recipe

**Japanese Curry Rice**

* 5 tsp regal curry powder that I bought from ebay. It costs around $30 to $40.
* half tsp ginger powder
* half tsp cumin powder
* half tsp turmeric powder
* 4 cup water
* 1 tsp sugar
* 1 and half tsp Knorr chicken bouillon powder (You can buy this from Ebay too. Costs $9 for 2 lbs)
* 4 slices serrano or jalapeno pepper optional if you like spicy
* 1/4 medium onion
* 1 garlic
* 2 medium potatos diced
* 1 of the 8 inch carrot diced
* 1/4 cup flour
* 1 chicken leg diced
* 1 cup of string beans or sliced celery or bell pepper

Instructions: Cook chicken, potato, and carrot in 2 cups of water in a pot for 15 minutes. Then blend onion, jalapeno pepper, flour, and garlic in a blender with 2 cups of water. Pour the 2 cups of water from blender into the pot. Add the curry powder, spices, sugar, chicken bouillon powder and string beans into pot and boil another 8 minutes. Stir while boiling at the end. Then serve.

**And the best side dish for curry rice is not beni shoga. Its actually cole slaw.** Here's my recipe of sesame oil cole slaw. [https://www.reddit.com/r/RamenCurryTempuraUdon/comments/1jfc6uy/best\_side\_dish\_for\_curry\_rice\_is\_not\_beni\_shoga/](https://www.reddit.com/r/RamenCurryTempuraUdon/comments/1jfc6uy/best_side_dish_for_curry_rice_is_not_beni_shoga/)

PS: The reason why I chose Regal Spice brand curry powder is because its the most famous and easily obtainable one. Every manufacturer's curry powder tastes different since curry itself is not a spice. This is why I also added cumin, turmeric, and ginger powder to balance the taste of Regal curry powder to turn it into Japanese curry.",discussion,
"Most emotional ""Pack Your Knives'

Which elimination hurt your heart and made you cry like cutting 10 lbs of onions?",discussion,
"Grayson season 13 is…insufferable

So Im rewatching season 13, first two episodes in, and dear go Grayson is even worse than I remembered. Her attitude in the first two challenges just plain old sucks. She acts like she’s more “real” and “making her food” as if everyone else is somehow not doing that?? I don’t know if she’s just super insecure and that’s why she is so defensive, but it really comes across as “Im better than everyone else and the judges just dont get it.” 

It’s funny because Patrick comes across as delusional and can be annoying, but I somehow like him more than Grayson because he seems to have a better attitude . Her attitude during the vegan challenge dear god. So much complaining and going on and on about how god put animals on earth for us to eat them. Everything that comes out of her mouth is annoying, even her stupid ass sayings that she thinks make her funny and edgy. 

I hate how long she lasted. I really wish she would have been sent home on the first ep instead of Garett—he seemed like he had a lot more to show. 

Anyway, rant over.",opinion,
"Emotionally resonant moments between chefs?

I'm doing a re-watch of all the seasons, and I'm up to season 9. 

In the chili cook-off episode when &gt;!Richie !&lt;is eliminated &gt;!he hugs Chris, starts crying and apologizing for letting down their restaurant. Of course, they were colleagues and close friends, but!&lt; it was a genuinely touching moment to me. 

Are there any other moments between chefs of any season that are touching or resonate with you?",discussion,
"what is the one dish that you wish you could eat?

What is the one dish from Top Chef that you can't stop thinking about? I have always wanted to try Stephanie's dish from the penultimate episode of season 17 All-Stars. The pairing of the cabbage with the parma ham and parmigiano Reggiano.",discussion,
"Is Not Top Scallop - a Top Chef Podcast

G'day reddit mates!   
  
I'm  Johnny. Along with my mate Christy (u/MrsNuggs) I'm hosting a new (very new) Top Chef Podcast.  We love Top Chef just as much as y'all do, and we thought we'd have a chat about it.

Please have a listen, and if you're so inclined please do respond with comments, (constructive) criticism, and advice.  

The first episode is a bit rough, but here we are. 

Thanks

[IsNotTopScallop - Welcome to Canadia](https://youtu.be/M4SSegHUot0) (youtube)

[IsNotTopScallop - Welcome to Canadia (spotify)](https://open.spotify.com/episode/6R27F07NIjkwJyHpS3wVPK?si=i5IZOcAoQp-03Qvr5cpKCw)",discussion,
"Gregory Gourdet and Pamela Anderson

I was stoked to see that GG is the first guest on Pamela Anderson's cooking show. She is a fantastic host--really lets the chef shine and creates a very laid-back vibe. 

  
[Cooking with Love](https://www.youtube.com/watch?v=23wTLTSeM-A)",discussion,
